PRAGMA defer_foreign_keys=TRUE;
CREATE TABLE users (     id TEXT PRIMARY KEY,     email TEXT UNIQUE NOT NULL,     full_name TEXT,     picture TEXT,     nickname TEXT,     created_at TIMESTAMP DEFAULT CURRENT_TIMESTAMP , first_name TEXT, last_name TEXT, birth_date TEXT, dni TEXT, baptism_date TEXT, bio TEXT, profession TEXT, profile_picture_url TEXT, user_rank TEXT);
INSERT INTO "users" ("id","email","full_name","picture","nickname","created_at","first_name","last_name","birth_date","dni","baptism_date","bio","profession","profile_picture_url","user_rank") VALUES('5e3b7ae6-02e9-4cd8-930f-2cef7f2a288b','kaelthas110@gmail.com','José Adolfo','https://lh3.googleusercontent.com/a/ACg8ocKqA8Y4y6xF296Z7ztntyGH0Yktw5mNFZpkD49Nzh-vJ4KDOOWT=s96-c','conan','2026-03-13 15:13:09',NULL,NULL,NULL,NULL,NULL,NULL,NULL,'https://tuna-inventory-manager-tfciff-arequipa-peru-tconan.s3.us-east-2.amazonaws.com/user/1773788404544-kaelthas110-gmail-com.jpg',NULL);
INSERT INTO "users" ("id","email","full_name","picture","nickname","created_at","first_name","last_name","birth_date","dni","baptism_date","bio","profession","profile_picture_url","user_rank") VALUES('79c1c079-ebd6-46ce-995c-6f354bee74f8','joseadolfocq96@gmail.com','Jose Condori','https://lh3.googleusercontent.com/a/ACg8ocKI2PEXR57QmeaUmIh2CFHESXPNzUfYyxgkMgOR5WBob4h2uw=s96-c','conan 2','2026-03-13 15:17:31',NULL,NULL,NULL,NULL,NULL,NULL,NULL,NULL,NULL);
INSERT INTO "users" ("id","email","full_name","picture","nickname","created_at","first_name","last_name","birth_date","dni","baptism_date","bio","profession","profile_picture_url","user_rank") VALUES('2e8d2fa9-cdd4-4102-9cac-3216002c0ea5','lumoodym@gmail.com','Siddartha Shop','https://lh3.googleusercontent.com/a/ACg8ocLEjT62t71Q-4sq8Et-iRz0dsSSe_bAp-6NK-NpdwJIDiq2zmw=s96-c','El Chala','2026-03-14 03:04:11',NULL,NULL,NULL,NULL,NULL,NULL,NULL,NULL,NULL);
INSERT INTO "users" ("id","email","full_name","picture","nickname","created_at","first_name","last_name","birth_date","dni","baptism_date","bio","profession","profile_picture_url","user_rank") VALUES('56f89dae-c690-4a13-8f88-4ff81f5c7d1d','tommy.pk.rosas@gmail.com','Tommy Pickles Rosas','https://lh3.googleusercontent.com/a/ACg8ocLzWxoqCcUKPJ5KW3Mbz8nBriBzVcmfwAE4_Sdw5KMFIeVHHUI=s96-c','Tommy','2026-03-15 20:45:11',NULL,NULL,NULL,NULL,NULL,NULL,NULL,NULL,NULL);
INSERT INTO "users" ("id","email","full_name","picture","nickname","created_at","first_name","last_name","birth_date","dni","baptism_date","bio","profession","profile_picture_url","user_rank") VALUES('5c887d31-bc16-4bf6-8370-f5502968846e','cqjoseadolfo@gmail.com','José Condori','https://lh3.googleusercontent.com/a/ACg8ocLKmcnB5LkYbeGFmnDHHb3GLwUdVfqA32CxK8r-EZ0TqCCajA=s96-c','Sparky','2026-03-16 15:49:15',NULL,NULL,NULL,NULL,NULL,NULL,NULL,NULL,NULL);
INSERT INTO "users" ("id","email","full_name","picture","nickname","created_at","first_name","last_name","birth_date","dni","baptism_date","bio","profession","profile_picture_url","user_rank") VALUES('2103d4a4-7dd6-4e77-8f55-eb7915df6f2f','zerstone17@gmail.com','Saul Arias','https://lh3.googleusercontent.com/a/ACg8ocIrakZWHoTcmP-DLg89v3qyFspZhs1hpfVKcEYyqe2hRO6irg=s96-c','Ricardo Montaner','2026-03-16 20:09:15',NULL,NULL,NULL,NULL,NULL,NULL,NULL,NULL,NULL);
INSERT INTO "users" ("id","email","full_name","picture","nickname","created_at","first_name","last_name","birth_date","dni","baptism_date","bio","profession","profile_picture_url","user_rank") VALUES('63ea5bfe-5f21-4f60-a88e-6b9ee1278a5b','andernakagawaarriaga@gmail.com','Anderson Gabriel Nakagawa Arriaga','https://lh3.googleusercontent.com/a/ACg8ocKJufG_U9yq-X_Xu_XysZPeRzi9IbiqJDDX3UgeyiWrbmWMbw10=s96-c','Tanque Arias','2026-03-16 21:14:30',NULL,NULL,NULL,NULL,NULL,NULL,NULL,NULL,NULL);
INSERT INTO "users" ("id","email","full_name","picture","nickname","created_at","first_name","last_name","birth_date","dni","baptism_date","bio","profession","profile_picture_url","user_rank") VALUES('d1b22855-e194-4ba4-a1cc-bc2bb63052c9','danielfpachaandroid@gmail.com','Daniel Pacha','https://lh3.googleusercontent.com/a/ACg8ocLK7Htad5qODexSb-dvkQwd2GZdiWPBNtICBAzu2P5C4WQKyA=s96-c','Entu','2026-03-18 02:28:44',NULL,NULL,NULL,NULL,NULL,NULL,NULL,NULL,NULL);
INSERT INTO "users" ("id","email","full_name","picture","nickname","created_at","first_name","last_name","birth_date","dni","baptism_date","bio","profession","profile_picture_url","user_rank") VALUES('9f519588-359c-4b1f-bdd9-1ef5946cc0df','bryancocro@gmail.com','Bryan Morales','https://lh3.googleusercontent.com/a/ACg8ocIohfPNn-ILuxQYXpsC8Yh-gsczC2QSS3TOwwyVZfxMTAJmLQ=s96-c','El Niño','2026-03-18 19:59:18',NULL,NULL,NULL,NULL,NULL,NULL,NULL,NULL,NULL);
INSERT INTO "users" ("id","email","full_name","picture","nickname","created_at","first_name","last_name","birth_date","dni","baptism_date","bio","profession","profile_picture_url","user_rank") VALUES('a4395cff-2b3c-412d-b823-ece56aeb5bf0','leninfrankm@gmail.com','Lenin Frank','https://lh3.googleusercontent.com/a/ACg8ocKcrzXQULdQ4DzkV7LvfQWiO83tRFCgtde4lfd6TFF4ls-cp74_=s96-c','El bardo','2026-03-18 19:59:22',NULL,NULL,NULL,NULL,NULL,NULL,NULL,NULL,NULL);
INSERT INTO "users" ("id","email","full_name","picture","nickname","created_at","first_name","last_name","birth_date","dni","baptism_date","bio","profession","profile_picture_url","user_rank") VALUES('b581deff-3be3-4a63-b539-e2aa855e9941','edupacheco051@gmail.com','Eduardo Pacheco','https://lh3.googleusercontent.com/a/ACg8ocK9WC7EhBQfqxFpdUs3f9s7edlTaWYVJwv2wKON8rnd0XSUHHR2=s96-c','Benito','2026-03-18 19:59:23',NULL,NULL,NULL,NULL,NULL,NULL,NULL,NULL,NULL);
INSERT INTO "users" ("id","email","full_name","picture","nickname","created_at","first_name","last_name","birth_date","dni","baptism_date","bio","profession","profile_picture_url","user_rank") VALUES('efdbd76f-6e75-40ce-8c7c-2edc993d3031','jafedmezatorres21@gmail.com','Jafed Patrick Meza Torres','https://lh3.googleusercontent.com/a/ACg8ocJxdDlbZfmJGzMS8iZw-bgYpculsuqgq3LM__r2hQeEd9Bagp4=s96-c',NULL,'2026-03-18 19:59:40',NULL,NULL,NULL,NULL,NULL,NULL,NULL,NULL,NULL);
INSERT INTO "users" ("id","email","full_name","picture","nickname","created_at","first_name","last_name","birth_date","dni","baptism_date","bio","profession","profile_picture_url","user_rank") VALUES('c99dc438-14fe-4697-b917-9e16b30c9fde','narutotenison616@gmail.com','Patrick Meza Torres','https://lh3.googleusercontent.com/a/ACg8ocJ29J1xUaIweAfDKetK-yd3IZ-k1jZlu8am2BNe6RiZVGKaTh0W=s96-c','Bambi','2026-03-18 19:59:49',NULL,NULL,NULL,NULL,NULL,NULL,NULL,NULL,NULL);
CREATE TABLE login_logs (     id TEXT PRIMARY KEY,     user_id TEXT NOT NULL,     login_time TIMESTAMP DEFAULT CURRENT_TIMESTAMP,     FOREIGN KEY (user_id) REFERENCES users(id) );
INSERT INTO "login_logs" ("id","user_id","login_time") VALUES('1b84692f-3f7b-44ee-982d-487fb4c56937','5e3b7ae6-02e9-4cd8-930f-2cef7f2a288b','2026-03-13 15:13:10');
INSERT INTO "login_logs" ("id","user_id","login_time") VALUES('5759f504-30d2-4ddb-8e9d-3671578377db','5e3b7ae6-02e9-4cd8-930f-2cef7f2a288b','2026-03-13 15:15:50');
INSERT INTO "login_logs" ("id","user_id","login_time") VALUES('fdbf1e0d-4fcf-4ea5-a00f-966baafbc0cc','79c1c079-ebd6-46ce-995c-6f354bee74f8','2026-03-13 15:17:31');
INSERT INTO "login_logs" ("id","user_id","login_time") VALUES('30ea65a5-6e3d-44b7-b354-307b27d4fb29','5e3b7ae6-02e9-4cd8-930f-2cef7f2a288b','2026-03-13 15:24:24');
INSERT INTO "login_logs" ("id","user_id","login_time") VALUES('a4349253-fb2b-40b7-b0f1-43b28019d747','79c1c079-ebd6-46ce-995c-6f354bee74f8','2026-03-13 15:24:58');
INSERT INTO "login_logs" ("id","user_id","login_time") VALUES('90a0c1cb-5c41-4683-b8d2-a604cc972b9d','5e3b7ae6-02e9-4cd8-930f-2cef7f2a288b','2026-03-13 19:04:28');
INSERT INTO "login_logs" ("id","user_id","login_time") VALUES('af60e8ae-c29d-40b1-999a-c85bac2f4431','2e8d2fa9-cdd4-4102-9cac-3216002c0ea5','2026-03-14 03:04:11');
INSERT INTO "login_logs" ("id","user_id","login_time") VALUES('18096dec-b947-443b-b637-8673f695f328','5e3b7ae6-02e9-4cd8-930f-2cef7f2a288b','2026-03-14 03:38:42');
INSERT INTO "login_logs" ("id","user_id","login_time") VALUES('4347eaf0-2585-43b0-bd42-46c7e318f832','5e3b7ae6-02e9-4cd8-930f-2cef7f2a288b','2026-03-14 13:23:05');
INSERT INTO "login_logs" ("id","user_id","login_time") VALUES('1c8a8127-353b-4c65-a8a1-e4a003500ff1','79c1c079-ebd6-46ce-995c-6f354bee74f8','2026-03-14 21:21:31');
INSERT INTO "login_logs" ("id","user_id","login_time") VALUES('16d7ec9c-c46f-44d6-b517-ff45ff464078','56f89dae-c690-4a13-8f88-4ff81f5c7d1d','2026-03-15 20:45:11');
INSERT INTO "login_logs" ("id","user_id","login_time") VALUES('d4bbcc67-525c-41a7-8434-4acb2973110c','5e3b7ae6-02e9-4cd8-930f-2cef7f2a288b','2026-03-15 20:53:56');
INSERT INTO "login_logs" ("id","user_id","login_time") VALUES('dbafcf3e-9950-45e5-8114-6b584e51c876','5c887d31-bc16-4bf6-8370-f5502968846e','2026-03-16 15:49:15');
INSERT INTO "login_logs" ("id","user_id","login_time") VALUES('a4a25c38-d527-4d7a-bb3e-bfce1a1bdf3e','2103d4a4-7dd6-4e77-8f55-eb7915df6f2f','2026-03-16 20:09:15');
INSERT INTO "login_logs" ("id","user_id","login_time") VALUES('db6629f3-2497-47f9-9649-154d6028249e','63ea5bfe-5f21-4f60-a88e-6b9ee1278a5b','2026-03-16 21:14:30');
INSERT INTO "login_logs" ("id","user_id","login_time") VALUES('cde43d24-2a14-45ab-825f-9f30a9c8179b','79c1c079-ebd6-46ce-995c-6f354bee74f8','2026-03-17 04:42:36');
INSERT INTO "login_logs" ("id","user_id","login_time") VALUES('96640748-6c22-4493-8f5f-cec5157ebd21','5c887d31-bc16-4bf6-8370-f5502968846e','2026-03-17 04:48:58');
INSERT INTO "login_logs" ("id","user_id","login_time") VALUES('f91eaf17-0e78-4c56-ad1e-f298c388eae5','79c1c079-ebd6-46ce-995c-6f354bee74f8','2026-03-17 05:08:42');
INSERT INTO "login_logs" ("id","user_id","login_time") VALUES('893cfb6f-f464-420e-9dfa-a1575e49871e','79c1c079-ebd6-46ce-995c-6f354bee74f8','2026-03-17 05:32:38');
INSERT INTO "login_logs" ("id","user_id","login_time") VALUES('cae0a0ce-f756-43d5-9f7d-23ab1ff4e937','79c1c079-ebd6-46ce-995c-6f354bee74f8','2026-03-17 05:45:41');
INSERT INTO "login_logs" ("id","user_id","login_time") VALUES('953c7235-4cda-4991-a012-8c2ad4112582','79c1c079-ebd6-46ce-995c-6f354bee74f8','2026-03-17 05:46:16');
INSERT INTO "login_logs" ("id","user_id","login_time") VALUES('d04ccf7e-029e-478a-b698-e5e2b07cd6cc','5e3b7ae6-02e9-4cd8-930f-2cef7f2a288b','2026-03-17 06:15:33');
INSERT INTO "login_logs" ("id","user_id","login_time") VALUES('cb6e9a0c-0c5d-4d80-8fd0-12256c5fe411','79c1c079-ebd6-46ce-995c-6f354bee74f8','2026-03-17 06:16:16');
INSERT INTO "login_logs" ("id","user_id","login_time") VALUES('b5c1547e-df53-4c1b-bc18-d5a0126a43e6','5e3b7ae6-02e9-4cd8-930f-2cef7f2a288b','2026-03-17 06:56:04');
INSERT INTO "login_logs" ("id","user_id","login_time") VALUES('491a55db-93b5-4a7b-9df2-6de31facbcd9','79c1c079-ebd6-46ce-995c-6f354bee74f8','2026-03-17 06:57:19');
INSERT INTO "login_logs" ("id","user_id","login_time") VALUES('72588735-05a1-440f-b6f1-41ecdb12088f','5e3b7ae6-02e9-4cd8-930f-2cef7f2a288b','2026-03-17 07:01:13');
INSERT INTO "login_logs" ("id","user_id","login_time") VALUES('40f487d7-afb3-493b-b594-03f95ebd3d2a','79c1c079-ebd6-46ce-995c-6f354bee74f8','2026-03-17 07:01:36');
INSERT INTO "login_logs" ("id","user_id","login_time") VALUES('4dde7057-6265-43d5-be16-74e7ab2fea69','79c1c079-ebd6-46ce-995c-6f354bee74f8','2026-03-17 07:03:01');
INSERT INTO "login_logs" ("id","user_id","login_time") VALUES('9ee9a8c2-fd0b-4988-8075-907fbb29053d','5e3b7ae6-02e9-4cd8-930f-2cef7f2a288b','2026-03-17 17:40:00');
INSERT INTO "login_logs" ("id","user_id","login_time") VALUES('5cb1b607-16d0-4378-a9a9-a3317b88e584','79c1c079-ebd6-46ce-995c-6f354bee74f8','2026-03-17 17:41:01');
INSERT INTO "login_logs" ("id","user_id","login_time") VALUES('43692efb-6840-4f3d-a670-bbf0a893126f','5e3b7ae6-02e9-4cd8-930f-2cef7f2a288b','2026-03-17 17:41:36');
INSERT INTO "login_logs" ("id","user_id","login_time") VALUES('4e96c066-d2bf-4cf2-b3aa-1e723d792ec9','79c1c079-ebd6-46ce-995c-6f354bee74f8','2026-03-17 17:42:32');
INSERT INTO "login_logs" ("id","user_id","login_time") VALUES('d1189270-9a75-4888-baac-89547d6b3474','79c1c079-ebd6-46ce-995c-6f354bee74f8','2026-03-17 18:16:13');
INSERT INTO "login_logs" ("id","user_id","login_time") VALUES('214fa6fd-fd31-4bef-9fac-cc713e4cc6d5','5e3b7ae6-02e9-4cd8-930f-2cef7f2a288b','2026-03-17 18:17:09');
INSERT INTO "login_logs" ("id","user_id","login_time") VALUES('f85fe87b-0978-42ec-a17f-6a0543f934b2','5e3b7ae6-02e9-4cd8-930f-2cef7f2a288b','2026-03-17 18:22:34');
INSERT INTO "login_logs" ("id","user_id","login_time") VALUES('ac24180c-57b6-4854-ad62-60481ba1e305','5e3b7ae6-02e9-4cd8-930f-2cef7f2a288b','2026-03-17 18:22:40');
INSERT INTO "login_logs" ("id","user_id","login_time") VALUES('69750461-7567-421d-a650-4f4eaa04128c','79c1c079-ebd6-46ce-995c-6f354bee74f8','2026-03-17 18:26:11');
INSERT INTO "login_logs" ("id","user_id","login_time") VALUES('091964df-bbd1-4dcd-921b-23df97c75d06','79c1c079-ebd6-46ce-995c-6f354bee74f8','2026-03-18 01:34:04');
INSERT INTO "login_logs" ("id","user_id","login_time") VALUES('29fc4242-4f0d-4faa-abdf-7f3de47b4b0a','79c1c079-ebd6-46ce-995c-6f354bee74f8','2026-03-18 01:34:13');
INSERT INTO "login_logs" ("id","user_id","login_time") VALUES('f704eb1e-a0d2-4fbc-a7ee-5becf031bd07','5e3b7ae6-02e9-4cd8-930f-2cef7f2a288b','2026-03-18 02:04:47');
INSERT INTO "login_logs" ("id","user_id","login_time") VALUES('0e6408a1-fc02-4d05-9456-5003799960f4','d1b22855-e194-4ba4-a1cc-bc2bb63052c9','2026-03-18 02:28:44');
INSERT INTO "login_logs" ("id","user_id","login_time") VALUES('f310404a-878a-4fac-98d6-c03f13838262','79c1c079-ebd6-46ce-995c-6f354bee74f8','2026-03-18 14:57:54');
INSERT INTO "login_logs" ("id","user_id","login_time") VALUES('ef53785b-84b7-486f-b685-55977f8a8f46','5e3b7ae6-02e9-4cd8-930f-2cef7f2a288b','2026-03-18 15:25:16');
INSERT INTO "login_logs" ("id","user_id","login_time") VALUES('164c77b0-bfbc-45bc-b5dd-5e002f28c2e3','5e3b7ae6-02e9-4cd8-930f-2cef7f2a288b','2026-03-18 15:54:06');
INSERT INTO "login_logs" ("id","user_id","login_time") VALUES('c67c5241-7946-45b5-9914-b750b40fe2d6','79c1c079-ebd6-46ce-995c-6f354bee74f8','2026-03-18 15:55:23');
INSERT INTO "login_logs" ("id","user_id","login_time") VALUES('3d61f40f-065b-4165-a686-b0df1287f3a5','5e3b7ae6-02e9-4cd8-930f-2cef7f2a288b','2026-03-18 19:48:59');
INSERT INTO "login_logs" ("id","user_id","login_time") VALUES('b8154d80-f127-44ca-8d86-95ea06b8a112','9f519588-359c-4b1f-bdd9-1ef5946cc0df','2026-03-18 19:59:19');
INSERT INTO "login_logs" ("id","user_id","login_time") VALUES('5fe729f2-ff5a-498c-9124-ad9fd54027b6','a4395cff-2b3c-412d-b823-ece56aeb5bf0','2026-03-18 19:59:22');
INSERT INTO "login_logs" ("id","user_id","login_time") VALUES('18bfdfaa-e6e2-4ce8-b4f2-04315b6a31be','b581deff-3be3-4a63-b539-e2aa855e9941','2026-03-18 19:59:23');
INSERT INTO "login_logs" ("id","user_id","login_time") VALUES('53509bbc-5a90-457b-975f-4801935aefb9','b581deff-3be3-4a63-b539-e2aa855e9941','2026-03-18 19:59:31');
INSERT INTO "login_logs" ("id","user_id","login_time") VALUES('a0cbe4f7-431d-4a6e-bc1a-871a35338389','efdbd76f-6e75-40ce-8c7c-2edc993d3031','2026-03-18 19:59:40');
INSERT INTO "login_logs" ("id","user_id","login_time") VALUES('185dfcbb-8bb2-4cff-a865-e7fe0777e4ff','c99dc438-14fe-4697-b917-9e16b30c9fde','2026-03-18 19:59:49');
CREATE TABLE assets (   id TEXT PRIMARY KEY,   asset_type TEXT NOT NULL CHECK (     asset_type IN ('instrumento', 'reconocimiento', 'uniforme', 'otro')   ),   name TEXT NOT NULL,   photo_url TEXT NOT NULL,   current_value REAL NOT NULL DEFAULT 0 CHECK (current_value >= 0),   status TEXT NOT NULL DEFAULT 'disponible' CHECK (     status IN ('disponible', 'bajo_responsabilidad', 'solicitado', 'mantenimiento')   ),   notes TEXT,   created_by_user_id TEXT,   created_at TEXT NOT NULL DEFAULT (CURRENT_TIMESTAMP),   updated_at TEXT NOT NULL DEFAULT (CURRENT_TIMESTAMP) , fabrication_year INTEGER, holder_user_id TEXT);
INSERT INTO "assets" ("id","asset_type","name","photo_url","current_value","status","notes","created_by_user_id","created_at","updated_at","fabrication_year","holder_user_id") VALUES('7f79b4f2-e188-4598-8d59-bc2e098addfb','instrumento','001ts','https://tuna-inventory-manager-tfciff-arequipa-peru-tconan.s3.us-east-2.amazonaws.com/assets/instrumento/1773456466315-001ts.jpg',0,'solicitado','edit','5e3b7ae6-02e9-4cd8-930f-2cef7f2a288b','2026-03-14 02:47:49','2026-03-14 02:47:49',NULL,'79c1c079-ebd6-46ce-995c-6f354bee74f8');
INSERT INTO "assets" ("id","asset_type","name","photo_url","current_value","status","notes","created_by_user_id","created_at","updated_at","fabrication_year","holder_user_id") VALUES('710f2cd4-d761-4e7a-8b10-3226179d4a3c','instrumento','001','https://tuna-inventory-manager-tfciff-arequipa-peru-tconan.s3.us-east-2.amazonaws.com/assets/instrumento/1773457413979-001.jpg',0,'bajo_responsabilidad',NULL,'5e3b7ae6-02e9-4cd8-930f-2cef7f2a288b','2026-03-14 03:03:36','2026-03-14 03:03:36',NULL,'79c1c079-ebd6-46ce-995c-6f354bee74f8');
INSERT INTO "assets" ("id","asset_type","name","photo_url","current_value","status","notes","created_by_user_id","created_at","updated_at","fabrication_year","holder_user_id") VALUES('0c80bb92-099c-4782-a70f-bfa47fa31da3','instrumento','VIOLIN','https://tuna-inventory-manager-tfciff-arequipa-peru-tconan.s3.us-east-2.amazonaws.com/assets/instrumento/1773457582124-VIOLIN.jpg',0,'disponible',NULL,'2e8d2fa9-cdd4-4102-9cac-3216002c0ea5','2026-03-14 03:06:22','2026-03-14 03:06:22',NULL,'2e8d2fa9-cdd4-4102-9cac-3216002c0ea5');
INSERT INTO "assets" ("id","asset_type","name","photo_url","current_value","status","notes","created_by_user_id","created_at","updated_at","fabrication_year","holder_user_id") VALUES('9fd92ea2-821f-460f-91b0-bc166cf86402','instrumento','TUNA-INS-20260314-A28446','https://tuna-inventory-manager-tfciff-arequipa-peru-tconan.s3.us-east-2.amazonaws.com/assets/instrumento/1773463719858-e83167b8-231f-4fcf-9288-98065c75d6b1.jpg',0,'bajo_responsabilidad','Estado visual limpio, parece en buenas condiciones, sin daños visibles aparentes.','5e3b7ae6-02e9-4cd8-930f-2cef7f2a288b','2026-03-14 04:48:42','2026-03-14 04:48:42',NULL,'5e3b7ae6-02e9-4cd8-930f-2cef7f2a288b');
INSERT INTO "assets" ("id","asset_type","name","photo_url","current_value","status","notes","created_by_user_id","created_at","updated_at","fabrication_year","holder_user_id") VALUES('dfd92718-7d38-4073-a16b-8b54bcc49f4f','instrumento','TUNA-INS-20260314-8F515C','https://tuna-inventory-manager-tfciff-arequipa-peru-tconan.s3.us-east-2.amazonaws.com/assets/instrumento/1773464417682-f119f031-f9ec-4661-aa85-8b0ed1fb7b7e.jpg',0,'bajo_responsabilidad','aparenta estar en buen estado, limpio y sin daños visibles','5e3b7ae6-02e9-4cd8-930f-2cef7f2a288b','2026-03-14 05:00:20','2026-03-14 05:00:20',NULL,'5e3b7ae6-02e9-4cd8-930f-2cef7f2a288b');
INSERT INTO "assets" ("id","asset_type","name","photo_url","current_value","status","notes","created_by_user_id","created_at","updated_at","fabrication_year","holder_user_id") VALUES('ba8b2ce4-0fee-43d1-94b8-287e375eb3d2','otro','TUNA-OTR-20260314-440956','https://tuna-inventory-manager-tfciff-arequipa-peru-tconan.s3.us-east-2.amazonaws.com/assets/otro/1773464596968-6daad229-e776-4537-a2eb-d9064e2c60b0.jpg',0,'solicitado','Bandera institucional en buen estado, limpia, con bordes de flecos plateados intactos.','5e3b7ae6-02e9-4cd8-930f-2cef7f2a288b','2026-03-14 05:03:19','2026-03-14 05:03:19',NULL,'79c1c079-ebd6-46ce-995c-6f354bee74f8');
INSERT INTO "assets" ("id","asset_type","name","photo_url","current_value","status","notes","created_by_user_id","created_at","updated_at","fabrication_year","holder_user_id") VALUES('4ec45d9a-1aef-4d19-bf2c-cd11c84aaadb','instrumento','TUNA-INS-20260314-D21159','https://tuna-inventory-manager-tfciff-arequipa-peru-tconan.s3.us-east-2.amazonaws.com/assets/instrumento/1773467312772-aeb1abb2-5d16-4279-b2ed-86e0da796dbe.jpg',0,'solicitado','Viene con rayones','5e3b7ae6-02e9-4cd8-930f-2cef7f2a288b','2026-03-14 05:48:35','2026-03-14 05:48:35',2018,'79c1c079-ebd6-46ce-995c-6f354bee74f8');
INSERT INTO "assets" ("id","asset_type","name","photo_url","current_value","status","notes","created_by_user_id","created_at","updated_at","fabrication_year","holder_user_id") VALUES('2bb13ffc-db7c-4e33-abc0-db0874dca0c1','instrumento','TUNA-INS-20260314-D20EAF','https://tuna-inventory-manager-tfciff-arequipa-peru-tconan.s3.us-east-2.amazonaws.com/assets/instrumento/1773498463925-9348d0ae-6779-497f-ac62-34060fe6fe4e.jpg',0,'bajo_responsabilidad','aparentemente en buen estado, limpio, sin golpes visibles','5e3b7ae6-02e9-4cd8-930f-2cef7f2a288b','2026-03-14 14:27:46','2026-03-14 14:27:46',2019,'5e3b7ae6-02e9-4cd8-930f-2cef7f2a288b');
INSERT INTO "assets" ("id","asset_type","name","photo_url","current_value","status","notes","created_by_user_id","created_at","updated_at","fabrication_year","holder_user_id") VALUES('6ff40680-a153-4500-b801-399141d0aee2','instrumento','TUNA-INS-20260314-D9A754','https://tuna-inventory-manager-tfciff-arequipa-peru-tconan.s3.us-east-2.amazonaws.com/assets/instrumento/1773514051680-dba58e78-052f-4656-b748-6bc37c629811.png',0,'bajo_responsabilidad',NULL,'5e3b7ae6-02e9-4cd8-930f-2cef7f2a288b','2026-03-14 18:47:33','2026-03-14 18:47:33',NULL,'5e3b7ae6-02e9-4cd8-930f-2cef7f2a288b');
INSERT INTO "assets" ("id","asset_type","name","photo_url","current_value","status","notes","created_by_user_id","created_at","updated_at","fabrication_year","holder_user_id") VALUES('4a2c2c0e-402d-405f-95c2-3b7baa3681b9','otro','TUNA-OTR-20260314-A0AE08','https://tuna-inventory-manager-tfciff-arequipa-peru-tconan.s3.us-east-2.amazonaws.com/assets/otro/1773517122959-22c7c92f-05e6-43f0-9f84-542e62790680.jpg',200,'solicitado','La imagen muestra a un grupo de personas con vestimenta formal, no contiene activos de inventario musical.','5e3b7ae6-02e9-4cd8-930f-2cef7f2a288b','2026-03-14 19:38:44','2026-03-14 19:38:44',2018,'79c1c079-ebd6-46ce-995c-6f354bee74f8');
INSERT INTO "assets" ("id","asset_type","name","photo_url","current_value","status","notes","created_by_user_id","created_at","updated_at","fabrication_year","holder_user_id") VALUES('2aabe985-332c-49dc-8a8a-8ac909050b81','instrumento','TUNA-INS-20260314-6087BF','https://tuna-inventory-manager-tfciff-arequipa-peru-tconan.s3.us-east-2.amazonaws.com/assets/instrumento/1773518400825-fa6dd433-9aee-4dc9-8cee-f58e574bb63b.jpg',0,'bajo_responsabilidad','en excelente estado, limpio y sin daños visibles','5e3b7ae6-02e9-4cd8-930f-2cef7f2a288b','2026-03-14 20:00:02','2026-03-14 20:00:02',2019,'79c1c079-ebd6-46ce-995c-6f354bee74f8');
INSERT INTO "assets" ("id","asset_type","name","photo_url","current_value","status","notes","created_by_user_id","created_at","updated_at","fabrication_year","holder_user_id") VALUES('1435380d-aa55-4179-b0bc-7b90c3f44564','instrumento','INS-1801','https://tuna-inventory-manager-tfciff-arequipa-peru-tconan.s3.us-east-2.amazonaws.com/assets/instrumento/1773520071118-9e1a7821-9cbe-45a4-9b40-64017ba85d1f.jpg',200,'bajo_responsabilidad','Editado 2026-03-17 03am','5e3b7ae6-02e9-4cd8-930f-2cef7f2a288b','2026-03-14 20:27:53','2026-03-14 20:27:53',2018,'5e3b7ae6-02e9-4cd8-930f-2cef7f2a288b');
INSERT INTO "assets" ("id","asset_type","name","photo_url","current_value","status","notes","created_by_user_id","created_at","updated_at","fabrication_year","holder_user_id") VALUES('be87cd11-9692-4b01-a74c-c98f3b0c3fd9','instrumento','INS-2201','https://tuna-inventory-manager-tfciff-arequipa-peru-tconan.s3.us-east-2.amazonaws.com/assets/instrumento/1773521077976-ee84042b-b891-4062-a563-9b6ca3e13777.jpg',0,'bajo_responsabilidad','Estado visual excelente, parece nuevo, limpio y sin daños visibles. Edición 1','5e3b7ae6-02e9-4cd8-930f-2cef7f2a288b','2026-03-14 20:44:39','2026-03-14 20:44:39',2022,'b581deff-3be3-4a63-b539-e2aa855e9941');
INSERT INTO "assets" ("id","asset_type","name","photo_url","current_value","status","notes","created_by_user_id","created_at","updated_at","fabrication_year","holder_user_id") VALUES('6a1c59c8-3369-4e46-8aac-4698538e2039','instrumento','INS-2501','https://tuna-inventory-manager-tfciff-arequipa-peru-tconan.s3.us-east-2.amazonaws.com/assets/instrumento/1773521184503-b8373e40-4311-4ddb-aa1f-d21e7081e3a4.jpg',0,'solicitado','estado visual limpio, sin daños aparentes, edición','5e3b7ae6-02e9-4cd8-930f-2cef7f2a288b','2026-03-14 20:46:26','2026-03-14 20:46:26',2025,'5e3b7ae6-02e9-4cd8-930f-2cef7f2a288b');
INSERT INTO "assets" ("id","asset_type","name","photo_url","current_value","status","notes","created_by_user_id","created_at","updated_at","fabrication_year","holder_user_id") VALUES('d1c595b6-c974-4a16-9f59-ee3735eca48b','otro','OTR-1801','https://tuna-inventory-manager-tfciff-arequipa-peru-tconan.s3.us-east-2.amazonaws.com/assets/otro/1773676413868-4b80f485-d0c0-4621-ae07-2f83a98e4b01.jpg',0,'bajo_responsabilidad','La imagen muestra un perro sobre una cama, no contiene ningún activo de inventario musical. Editado','5c887d31-bc16-4bf6-8370-f5502968846e','2026-03-16 15:53:36','2026-03-16 15:53:36',2014,'5e3b7ae6-02e9-4cd8-930f-2cef7f2a288b');
CREATE TABLE asset_instruments (   asset_id TEXT PRIMARY KEY,   instrument_type TEXT NOT NULL,   brand TEXT NOT NULL,   FOREIGN KEY (asset_id) REFERENCES assets(id) ON DELETE CASCADE );
INSERT INTO "asset_instruments" ("asset_id","instrument_type","brand") VALUES('7f79b4f2-e188-4598-8d59-bc2e098addfb','Guitaras','Tuna');
INSERT INTO "asset_instruments" ("asset_id","instrument_type","brand") VALUES('710f2cd4-d761-4e7a-8b10-3226179d4a3c','Ey','Yo');
INSERT INTO "asset_instruments" ("asset_id","instrument_type","brand") VALUES('0c80bb92-099c-4782-a70f-bfa47fa31da3','VIOLIN','STRADIVARIUS');
INSERT INTO "asset_instruments" ("asset_id","instrument_type","brand") VALUES('9fd92ea2-821f-460f-91b0-bc166cf86402','guitarra','Keith');
INSERT INTO "asset_instruments" ("asset_id","instrument_type","brand") VALUES('dfd92718-7d38-4073-a16b-8b54bcc49f4f','guitarra','Keith2');
INSERT INTO "asset_instruments" ("asset_id","instrument_type","brand") VALUES('4ec45d9a-1aef-4d19-bf2c-cd11c84aaadb','guitarra','Keith');
INSERT INTO "asset_instruments" ("asset_id","instrument_type","brand") VALUES('2bb13ffc-db7c-4e33-abc0-db0874dca0c1','guitarra','Keith');
INSERT INTO "asset_instruments" ("asset_id","instrument_type","brand") VALUES('6ff40680-a153-4500-b801-399141d0aee2','No identificado','No identificado');
INSERT INTO "asset_instruments" ("asset_id","instrument_type","brand") VALUES('2aabe985-332c-49dc-8a8a-8ac909050b81','bandurria','alhambra');
INSERT INTO "asset_instruments" ("asset_id","instrument_type","brand") VALUES('1435380d-aa55-4179-b0bc-7b90c3f44564','charango','fernandez');
INSERT INTO "asset_instruments" ("asset_id","instrument_type","brand") VALUES('be87cd11-9692-4b01-a74c-c98f3b0c3fd9','bandurria','ALHAMBRA');
INSERT INTO "asset_instruments" ("asset_id","instrument_type","brand") VALUES('6a1c59c8-3369-4e46-8aac-4698538e2039','cabasa','GENERICA');
CREATE TABLE asset_recognitions (   asset_id TEXT PRIMARY KEY,   issuer TEXT NOT NULL,   issue_date TEXT,   document_type TEXT,   reference_code TEXT,   FOREIGN KEY (asset_id) REFERENCES assets(id) ON DELETE CASCADE );
CREATE TABLE asset_uniforms (   asset_id TEXT PRIMARY KEY,   size TEXT,   has_cinta INTEGER NOT NULL DEFAULT 0 CHECK (has_cinta IN (0,1)),   has_jubon INTEGER NOT NULL DEFAULT 0 CHECK (has_jubon IN (0,1)),   has_greguesco INTEGER NOT NULL DEFAULT 0 CHECK (has_greguesco IN (0,1)),   is_complete INTEGER GENERATED ALWAYS AS (     CASE       WHEN has_cinta = 1 AND has_jubon = 1 AND has_greguesco = 1 THEN 1       ELSE 0     END   ) VIRTUAL,   FOREIGN KEY (asset_id) REFERENCES assets(id) ON DELETE CASCADE );
CREATE TABLE asset_tags (   id TEXT PRIMARY KEY,   asset_id TEXT NOT NULL,   tag TEXT NOT NULL,   created_at TEXT NOT NULL DEFAULT (CURRENT_TIMESTAMP),   FOREIGN KEY (asset_id) REFERENCES assets(id) ON DELETE CASCADE,   UNIQUE (asset_id, tag) );
INSERT INTO "asset_tags" ("id","asset_id","tag","created_at") VALUES('fd4329d1-1ca8-4cf1-9515-01c526cb2b28','7f79b4f2-e188-4598-8d59-bc2e098addfb','#instrumentos','2026-03-14 02:47:49');
INSERT INTO "asset_tags" ("id","asset_id","tag","created_at") VALUES('80e438e0-8932-44d3-8d22-416e7471f63d','7f79b4f2-e188-4598-8d59-bc2e098addfb','#guitaras','2026-03-14 02:47:49');
INSERT INTO "asset_tags" ("id","asset_id","tag","created_at") VALUES('720ee375-3a9a-402f-9817-864c7062d0a3','710f2cd4-d761-4e7a-8b10-3226179d4a3c','#instrumentos','2026-03-14 03:03:36');
INSERT INTO "asset_tags" ("id","asset_id","tag","created_at") VALUES('1605c2c9-48de-4892-b2e1-cc908f75a1ca','710f2cd4-d761-4e7a-8b10-3226179d4a3c','#ey','2026-03-14 03:03:37');
INSERT INTO "asset_tags" ("id","asset_id","tag","created_at") VALUES('1baa8327-e6b7-4f36-9241-84474c89632c','0c80bb92-099c-4782-a70f-bfa47fa31da3','#instrumentos','2026-03-14 03:06:22');
INSERT INTO "asset_tags" ("id","asset_id","tag","created_at") VALUES('a48b6672-ebf7-449d-9275-de6909fe276e','0c80bb92-099c-4782-a70f-bfa47fa31da3','#violin','2026-03-14 03:06:22');
INSERT INTO "asset_tags" ("id","asset_id","tag","created_at") VALUES('dbb1224c-38a6-4932-be85-238130b13726','9fd92ea2-821f-460f-91b0-bc166cf86402','#instrumentos','2026-03-14 04:48:42');
INSERT INTO "asset_tags" ("id","asset_id","tag","created_at") VALUES('9701c9ef-db0a-4e40-a047-a2c18ba6858b','9fd92ea2-821f-460f-91b0-bc166cf86402','#guitarra','2026-03-14 04:48:43');
INSERT INTO "asset_tags" ("id","asset_id","tag","created_at") VALUES('a92f565e-e17c-4220-bf6c-23a46c4aefa1','9fd92ea2-821f-460f-91b0-bc166cf86402','#color_madera_clara','2026-03-14 04:48:43');
INSERT INTO "asset_tags" ("id","asset_id","tag","created_at") VALUES('b8169503-8856-45fc-b6d6-236522a65544','9fd92ea2-821f-460f-91b0-bc166cf86402','#madera','2026-03-14 04:48:43');
INSERT INTO "asset_tags" ("id","asset_id","tag","created_at") VALUES('d1232916-6ab5-4bca-aef5-079cf359d29f','9fd92ea2-821f-460f-91b0-bc166cf86402','#instrumento_cuerdas','2026-03-14 04:48:43');
INSERT INTO "asset_tags" ("id","asset_id","tag","created_at") VALUES('0ebeebd2-d5b8-499f-baa6-cb618ed97a43','dfd92718-7d38-4073-a16b-8b54bcc49f4f','#instrumentos','2026-03-14 05:00:20');
INSERT INTO "asset_tags" ("id","asset_id","tag","created_at") VALUES('052b0db5-d1aa-4a3b-9cf0-4264f3bed5ff','dfd92718-7d38-4073-a16b-8b54bcc49f4f','#guitarra','2026-03-14 05:00:20');
INSERT INTO "asset_tags" ("id","asset_id","tag","created_at") VALUES('0034e945-fc9a-40a7-9758-aec7025922ed','dfd92718-7d38-4073-a16b-8b54bcc49f4f','#color_madera','2026-03-14 05:00:21');
INSERT INTO "asset_tags" ("id","asset_id","tag","created_at") VALUES('9e3a2069-1bc3-4cfc-a6d9-edee1bd1c088','dfd92718-7d38-4073-a16b-8b54bcc49f4f','#madera','2026-03-14 05:00:21');
INSERT INTO "asset_tags" ("id","asset_id","tag","created_at") VALUES('631dff96-b672-47e3-af03-b9d661e27cc5','dfd92718-7d38-4073-a16b-8b54bcc49f4f','#instrumento_cuerdas','2026-03-14 05:00:21');
INSERT INTO "asset_tags" ("id","asset_id","tag","created_at") VALUES('2657df75-3cff-4d3e-9e0c-490231fdf992','ba8b2ce4-0fee-43d1-94b8-287e375eb3d2','#otros','2026-03-14 05:03:19');
INSERT INTO "asset_tags" ("id","asset_id","tag","created_at") VALUES('81f755cc-ab4d-4054-b610-37e66adcac8d','ba8b2ce4-0fee-43d1-94b8-287e375eb3d2','#color_azul','2026-03-14 05:03:19');
INSERT INTO "asset_tags" ("id","asset_id","tag","created_at") VALUES('32095390-00b2-4c31-bdd3-d5b0d9d05569','ba8b2ce4-0fee-43d1-94b8-287e375eb3d2','#color_plateado','2026-03-14 05:03:20');
INSERT INTO "asset_tags" ("id","asset_id","tag","created_at") VALUES('ff36c43c-617d-42f5-baf6-33860bf30424','ba8b2ce4-0fee-43d1-94b8-287e375eb3d2','#tela','2026-03-14 05:03:20');
INSERT INTO "asset_tags" ("id","asset_id","tag","created_at") VALUES('4f5263df-6471-45e8-90d7-2809bffb56ac','ba8b2ce4-0fee-43d1-94b8-287e375eb3d2','#bandera','2026-03-14 05:03:20');
INSERT INTO "asset_tags" ("id","asset_id","tag","created_at") VALUES('aa95b87b-9ef3-44fc-8b0e-b056fbecd8de','ba8b2ce4-0fee-43d1-94b8-287e375eb3d2','#institucional','2026-03-14 05:03:20');
INSERT INTO "asset_tags" ("id","asset_id","tag","created_at") VALUES('427f8bc7-eb03-43f9-8bdd-76a20b07234f','4ec45d9a-1aef-4d19-bf2c-cd11c84aaadb','#instrumentos','2026-03-14 05:48:35');
INSERT INTO "asset_tags" ("id","asset_id","tag","created_at") VALUES('d2495a45-8967-425a-b282-ff76d2b7e618','4ec45d9a-1aef-4d19-bf2c-cd11c84aaadb','#guitarra','2026-03-14 05:48:35');
INSERT INTO "asset_tags" ("id","asset_id","tag","created_at") VALUES('28f3d15c-5b8b-46f5-9095-3f24878b18dd','4ec45d9a-1aef-4d19-bf2c-cd11c84aaadb','#color_madera','2026-03-14 05:48:35');
INSERT INTO "asset_tags" ("id","asset_id","tag","created_at") VALUES('b0ee6693-e745-4afb-b40f-03543a40d5f2','4ec45d9a-1aef-4d19-bf2c-cd11c84aaadb','#madera','2026-03-14 05:48:35');
INSERT INTO "asset_tags" ("id","asset_id","tag","created_at") VALUES('484ca5cc-989d-4757-86b3-28d926edd321','4ec45d9a-1aef-4d19-bf2c-cd11c84aaadb','#instrumento_cuerdas','2026-03-14 05:48:36');
INSERT INTO "asset_tags" ("id","asset_id","tag","created_at") VALUES('62fbad49-990d-4855-ace3-cb42a1398728','4ec45d9a-1aef-4d19-bf2c-cd11c84aaadb','#guitarra_acustica','2026-03-14 05:48:36');
INSERT INTO "asset_tags" ("id","asset_id","tag","created_at") VALUES('b6c74740-c342-41e0-9a09-54652b7b7444','2bb13ffc-db7c-4e33-abc0-db0874dca0c1','#instrumentos','2026-03-14 14:27:46');
INSERT INTO "asset_tags" ("id","asset_id","tag","created_at") VALUES('ad21aeca-ecee-4eaf-8fa7-d3e867c4f348','2bb13ffc-db7c-4e33-abc0-db0874dca0c1','#guitarra','2026-03-14 14:27:46');
INSERT INTO "asset_tags" ("id","asset_id","tag","created_at") VALUES('45b65b49-0588-4d8f-afe8-72e37d6c9f20','2bb13ffc-db7c-4e33-abc0-db0874dca0c1','#color_madera_clara','2026-03-14 14:27:46');
INSERT INTO "asset_tags" ("id","asset_id","tag","created_at") VALUES('6b7de1ff-144c-4974-9cbe-b005b23041c0','2bb13ffc-db7c-4e33-abc0-db0874dca0c1','#madera','2026-03-14 14:27:47');
INSERT INTO "asset_tags" ("id","asset_id","tag","created_at") VALUES('72022d83-ffad-4b80-b7f1-4e2a33386e5d','2bb13ffc-db7c-4e33-abc0-db0874dca0c1','#instrumento_cuerdas','2026-03-14 14:27:47');
INSERT INTO "asset_tags" ("id","asset_id","tag","created_at") VALUES('0526d2a0-a146-48f0-b700-178d225255a6','6ff40680-a153-4500-b801-399141d0aee2','#instrumentos','2026-03-14 18:47:33');
INSERT INTO "asset_tags" ("id","asset_id","tag","created_at") VALUES('882e10da-1bc6-41d2-87f9-886ce4b6ef3f','4a2c2c0e-402d-405f-95c2-3b7baa3681b9','#otros','2026-03-14 19:38:45');
INSERT INTO "asset_tags" ("id","asset_id","tag","created_at") VALUES('92fd0aba-6204-4c78-9dcf-cb4a95b3f908','4a2c2c0e-402d-405f-95c2-3b7baa3681b9','#personas','2026-03-14 19:38:45');
INSERT INTO "asset_tags" ("id","asset_id","tag","created_at") VALUES('fb9c8a3e-8de0-493f-9cb9-cf53f72d0f54','4a2c2c0e-402d-405f-95c2-3b7baa3681b9','#vestimenta_formal','2026-03-14 19:38:45');
INSERT INTO "asset_tags" ("id","asset_id","tag","created_at") VALUES('25cde48b-1363-4f93-a8d0-971299a4eeb6','4a2c2c0e-402d-405f-95c2-3b7baa3681b9','#sin_inventario','2026-03-14 19:38:45');
INSERT INTO "asset_tags" ("id","asset_id","tag","created_at") VALUES('7471346b-ebea-467c-83cb-6b6c0b44f875','2aabe985-332c-49dc-8a8a-8ac909050b81','#instrumentos','2026-03-14 20:00:02');
INSERT INTO "asset_tags" ("id","asset_id","tag","created_at") VALUES('2c2de077-5d83-42fc-a37d-078252a30161','2aabe985-332c-49dc-8a8a-8ac909050b81','#bandurria','2026-03-14 20:00:03');
INSERT INTO "asset_tags" ("id","asset_id","tag","created_at") VALUES('2fbfe2c4-6615-4adb-b2c3-b5500e2b614b','2aabe985-332c-49dc-8a8a-8ac909050b81','#color_madera','2026-03-14 20:00:03');
INSERT INTO "asset_tags" ("id","asset_id","tag","created_at") VALUES('a0eb1a24-028a-4eda-a9ed-794a9fc20ddb','2aabe985-332c-49dc-8a8a-8ac909050b81','#madera','2026-03-14 20:00:03');
INSERT INTO "asset_tags" ("id","asset_id","tag","created_at") VALUES('9eb255b6-62b6-4c63-95a6-7e6635168a11','2aabe985-332c-49dc-8a8a-8ac909050b81','#instrumento_cuerdas','2026-03-14 20:00:03');
INSERT INTO "asset_tags" ("id","asset_id","tag","created_at") VALUES('83d27f28-7aaa-495b-9562-6deee422d6c7','2aabe985-332c-49dc-8a8a-8ac909050b81','#bandola','2026-03-14 20:00:03');
INSERT INTO "asset_tags" ("id","asset_id","tag","created_at") VALUES('accf6279-1975-4c5f-96ab-07d8224f6601','1435380d-aa55-4179-b0bc-7b90c3f44564','#instrumentos','2026-03-14 20:27:53');
INSERT INTO "asset_tags" ("id","asset_id","tag","created_at") VALUES('b293ea6a-f16a-494b-b4d0-01255504b066','1435380d-aa55-4179-b0bc-7b90c3f44564','#charango','2026-03-14 20:27:53');
INSERT INTO "asset_tags" ("id","asset_id","tag","created_at") VALUES('5e43af92-6a57-4065-aedd-adafe5fceb15','1435380d-aa55-4179-b0bc-7b90c3f44564','#madera','2026-03-14 20:27:53');
INSERT INTO "asset_tags" ("id","asset_id","tag","created_at") VALUES('5feaed9c-c49c-40b5-8e69-216d6f2c218f','1435380d-aa55-4179-b0bc-7b90c3f44564','#instrumento_cuerdas','2026-03-14 20:27:53');
INSERT INTO "asset_tags" ("id","asset_id","tag","created_at") VALUES('c5f04cb3-4c66-41da-8469-efdd974a2cad','1435380d-aa55-4179-b0bc-7b90c3f44564','#color_natural','2026-03-14 20:27:54');
INSERT INTO "asset_tags" ("id","asset_id","tag","created_at") VALUES('27469091-d100-407c-8f99-610e28875125','1435380d-aa55-4179-b0bc-7b90c3f44564','#color_marron','2026-03-14 20:27:54');
INSERT INTO "asset_tags" ("id","asset_id","tag","created_at") VALUES('c72634fa-5490-4cbd-9757-46642240872a','be87cd11-9692-4b01-a74c-c98f3b0c3fd9','#instrumentos','2026-03-14 20:44:40');
INSERT INTO "asset_tags" ("id","asset_id","tag","created_at") VALUES('df4f5618-71de-4dd2-882a-66d9a93aa036','be87cd11-9692-4b01-a74c-c98f3b0c3fd9','#bandurria','2026-03-14 20:44:40');
INSERT INTO "asset_tags" ("id","asset_id","tag","created_at") VALUES('f379e011-4898-4ecc-be85-e32ecc84f4ca','be87cd11-9692-4b01-a74c-c98f3b0c3fd9','#madera','2026-03-14 20:44:40');
INSERT INTO "asset_tags" ("id","asset_id","tag","created_at") VALUES('cccec9e2-272e-43a1-bd8f-df84c75524bd','be87cd11-9692-4b01-a74c-c98f3b0c3fd9','#instrumento_cuerdas','2026-03-14 20:44:40');
INSERT INTO "asset_tags" ("id","asset_id","tag","created_at") VALUES('fe8a8274-327e-4519-87a6-31373f24e848','be87cd11-9692-4b01-a74c-c98f3b0c3fd9','#color_natural','2026-03-14 20:44:40');
INSERT INTO "asset_tags" ("id","asset_id","tag","created_at") VALUES('c6518747-1f71-4e97-8808-a85dc4fdb62b','be87cd11-9692-4b01-a74c-c98f3b0c3fd9','#color_marron','2026-03-14 20:44:41');
INSERT INTO "asset_tags" ("id","asset_id","tag","created_at") VALUES('12562fbe-2379-4794-a759-b514b14df818','be87cd11-9692-4b01-a74c-c98f3b0c3fd9','#cuerdas_metalicas','2026-03-14 20:44:41');
INSERT INTO "asset_tags" ("id","asset_id","tag","created_at") VALUES('f1e2908c-8355-43a6-9d10-99863acb5bf3','be87cd11-9692-4b01-a74c-c98f3b0c3fd9','#instrumento_pulsado','2026-03-14 20:44:41');
INSERT INTO "asset_tags" ("id","asset_id","tag","created_at") VALUES('4476a927-9f48-49e0-967c-5a4ad3f8827d','6a1c59c8-3369-4e46-8aac-4698538e2039','#instrumentos','2026-03-14 20:46:26');
INSERT INTO "asset_tags" ("id","asset_id","tag","created_at") VALUES('992dde52-b015-4cf9-9e82-d35add27b9e5','6a1c59c8-3369-4e46-8aac-4698538e2039','#cabasa','2026-03-14 20:46:26');
INSERT INTO "asset_tags" ("id","asset_id","tag","created_at") VALUES('5ffd03b7-3c5e-4150-ba6f-7e4b78d18a7f','6a1c59c8-3369-4e46-8aac-4698538e2039','#madera','2026-03-14 20:46:26');
INSERT INTO "asset_tags" ("id","asset_id","tag","created_at") VALUES('14a040c2-b33a-45db-8721-b417de8c7ac5','6a1c59c8-3369-4e46-8aac-4698538e2039','#metal','2026-03-14 20:46:27');
INSERT INTO "asset_tags" ("id","asset_id","tag","created_at") VALUES('52ed987e-7ce0-44f6-b1e4-891b0408b17c','6a1c59c8-3369-4e46-8aac-4698538e2039','#plateado','2026-03-14 20:46:27');
INSERT INTO "asset_tags" ("id","asset_id","tag","created_at") VALUES('270a9618-3e30-41d8-9c93-08f968374021','6a1c59c8-3369-4e46-8aac-4698538e2039','#percusion','2026-03-14 20:46:27');
INSERT INTO "asset_tags" ("id","asset_id","tag","created_at") VALUES('ed2c2565-9cc8-4638-a51a-6daccd5d0518','6a1c59c8-3369-4e46-8aac-4698538e2039','#instrumento_percusion','2026-03-14 20:46:27');
INSERT INTO "asset_tags" ("id","asset_id","tag","created_at") VALUES('12a58ca7-4470-438c-ada8-6c62f3c1e12d','d1c595b6-c974-4a16-9f59-ee3735eca48b','#otros','2026-03-16 15:53:36');
INSERT INTO "asset_tags" ("id","asset_id","tag","created_at") VALUES('89758d39-2d04-4838-9b07-4f44d63f892f','d1c595b6-c974-4a16-9f59-ee3735eca48b','#mascota','2026-03-16 15:53:36');
INSERT INTO "asset_tags" ("id","asset_id","tag","created_at") VALUES('85855677-5ebc-4b3c-92e2-8cf4612c937d','d1c595b6-c974-4a16-9f59-ee3735eca48b','#perro','2026-03-16 15:53:37');
INSERT INTO "asset_tags" ("id","asset_id","tag","created_at") VALUES('753d9306-6df6-4ff7-b223-f309360216cd','d1c595b6-c974-4a16-9f59-ee3735eca48b','#cama','2026-03-16 15:53:37');
INSERT INTO "asset_tags" ("id","asset_id","tag","created_at") VALUES('59e680ee-0d52-44cc-9026-950d272f679c','d1c595b6-c974-4a16-9f59-ee3735eca48b','#habitacion','2026-03-16 15:53:37');
CREATE TABLE tags (   id   TEXT PRIMARY KEY,   tag  TEXT NOT NULL UNIQUE );
INSERT INTO "tags" ("id","tag") VALUES('0034e945-fc9a-40a7-9758-aec7025922ed','#color_madera');
INSERT INTO "tags" ("id","tag") VALUES('0526d2a0-a146-48f0-b700-178d225255a6','#instrumentos');
INSERT INTO "tags" ("id","tag") VALUES('052b0db5-d1aa-4a3b-9cf0-4264f3bed5ff','#guitarra');
INSERT INTO "tags" ("id","tag") VALUES('12562fbe-2379-4794-a759-b514b14df818','#cuerdas_metalicas');
INSERT INTO "tags" ("id","tag") VALUES('12a58ca7-4470-438c-ada8-6c62f3c1e12d','#otros');
INSERT INTO "tags" ("id","tag") VALUES('14a040c2-b33a-45db-8721-b417de8c7ac5','#metal');
INSERT INTO "tags" ("id","tag") VALUES('1605c2c9-48de-4892-b2e1-cc908f75a1ca','#ey');
INSERT INTO "tags" ("id","tag") VALUES('25cde48b-1363-4f93-a8d0-971299a4eeb6','#sin_inventario');
INSERT INTO "tags" ("id","tag") VALUES('270a9618-3e30-41d8-9c93-08f968374021','#percusion');
INSERT INTO "tags" ("id","tag") VALUES('27469091-d100-407c-8f99-610e28875125','#color_marron');
INSERT INTO "tags" ("id","tag") VALUES('2c2de077-5d83-42fc-a37d-078252a30161','#bandurria');
INSERT INTO "tags" ("id","tag") VALUES('32095390-00b2-4c31-bdd3-d5b0d9d05569','#color_plateado');
INSERT INTO "tags" ("id","tag") VALUES('45b65b49-0588-4d8f-afe8-72e37d6c9f20','#color_madera_clara');
INSERT INTO "tags" ("id","tag") VALUES('484ca5cc-989d-4757-86b3-28d926edd321','#instrumento_cuerdas');
INSERT INTO "tags" ("id","tag") VALUES('4f5263df-6471-45e8-90d7-2809bffb56ac','#bandera');
INSERT INTO "tags" ("id","tag") VALUES('52ed987e-7ce0-44f6-b1e4-891b0408b17c','#plateado');
INSERT INTO "tags" ("id","tag") VALUES('59e680ee-0d52-44cc-9026-950d272f679c','#habitacion');
INSERT INTO "tags" ("id","tag") VALUES('5e43af92-6a57-4065-aedd-adafe5fceb15','#madera');
INSERT INTO "tags" ("id","tag") VALUES('62fbad49-990d-4855-ace3-cb42a1398728','#guitarra_acustica');
INSERT INTO "tags" ("id","tag") VALUES('753d9306-6df6-4ff7-b223-f309360216cd','#cama');
INSERT INTO "tags" ("id","tag") VALUES('80e438e0-8932-44d3-8d22-416e7471f63d','#guitaras');
INSERT INTO "tags" ("id","tag") VALUES('81f755cc-ab4d-4054-b610-37e66adcac8d','#color_azul');
INSERT INTO "tags" ("id","tag") VALUES('83d27f28-7aaa-495b-9562-6deee422d6c7','#bandola');
INSERT INTO "tags" ("id","tag") VALUES('85855677-5ebc-4b3c-92e2-8cf4612c937d','#perro');
INSERT INTO "tags" ("id","tag") VALUES('89758d39-2d04-4838-9b07-4f44d63f892f','#mascota');
INSERT INTO "tags" ("id","tag") VALUES('92fd0aba-6204-4c78-9dcf-cb4a95b3f908','#personas');
INSERT INTO "tags" ("id","tag") VALUES('992dde52-b015-4cf9-9e82-d35add27b9e5','#cabasa');
INSERT INTO "tags" ("id","tag") VALUES('a48b6672-ebf7-449d-9275-de6909fe276e','#violin');
INSERT INTO "tags" ("id","tag") VALUES('aa95b87b-9ef3-44fc-8b0e-b056fbecd8de','#institucional');
INSERT INTO "tags" ("id","tag") VALUES('b293ea6a-f16a-494b-b4d0-01255504b066','#charango');
INSERT INTO "tags" ("id","tag") VALUES('c5f04cb3-4c66-41da-8469-efdd974a2cad','#color_natural');
INSERT INTO "tags" ("id","tag") VALUES('ed2c2565-9cc8-4638-a51a-6daccd5d0518','#instrumento_percusion');
INSERT INTO "tags" ("id","tag") VALUES('f1e2908c-8355-43a6-9d10-99863acb5bf3','#instrumento_pulsado');
INSERT INTO "tags" ("id","tag") VALUES('fb9c8a3e-8de0-493f-9cb9-cf53f72d0f54','#vestimenta_formal');
INSERT INTO "tags" ("id","tag") VALUES('ff36c43c-617d-42f5-baf6-33860bf30424','#tela');
CREATE TABLE asset_tag_map (   asset_id TEXT NOT NULL,   tag_id   TEXT NOT NULL,   PRIMARY KEY (asset_id, tag_id),   FOREIGN KEY (asset_id) REFERENCES assets(id),   FOREIGN KEY (tag_id)   REFERENCES tags(id) );
INSERT INTO "asset_tag_map" ("asset_id","tag_id") VALUES('2aabe985-332c-49dc-8a8a-8ac909050b81','0034e945-fc9a-40a7-9758-aec7025922ed');
INSERT INTO "asset_tag_map" ("asset_id","tag_id") VALUES('4ec45d9a-1aef-4d19-bf2c-cd11c84aaadb','0034e945-fc9a-40a7-9758-aec7025922ed');
INSERT INTO "asset_tag_map" ("asset_id","tag_id") VALUES('dfd92718-7d38-4073-a16b-8b54bcc49f4f','0034e945-fc9a-40a7-9758-aec7025922ed');
INSERT INTO "asset_tag_map" ("asset_id","tag_id") VALUES('0c80bb92-099c-4782-a70f-bfa47fa31da3','0526d2a0-a146-48f0-b700-178d225255a6');
INSERT INTO "asset_tag_map" ("asset_id","tag_id") VALUES('1435380d-aa55-4179-b0bc-7b90c3f44564','0526d2a0-a146-48f0-b700-178d225255a6');
INSERT INTO "asset_tag_map" ("asset_id","tag_id") VALUES('2aabe985-332c-49dc-8a8a-8ac909050b81','0526d2a0-a146-48f0-b700-178d225255a6');
INSERT INTO "asset_tag_map" ("asset_id","tag_id") VALUES('2bb13ffc-db7c-4e33-abc0-db0874dca0c1','0526d2a0-a146-48f0-b700-178d225255a6');
INSERT INTO "asset_tag_map" ("asset_id","tag_id") VALUES('4ec45d9a-1aef-4d19-bf2c-cd11c84aaadb','0526d2a0-a146-48f0-b700-178d225255a6');
INSERT INTO "asset_tag_map" ("asset_id","tag_id") VALUES('6a1c59c8-3369-4e46-8aac-4698538e2039','0526d2a0-a146-48f0-b700-178d225255a6');
INSERT INTO "asset_tag_map" ("asset_id","tag_id") VALUES('6ff40680-a153-4500-b801-399141d0aee2','0526d2a0-a146-48f0-b700-178d225255a6');
INSERT INTO "asset_tag_map" ("asset_id","tag_id") VALUES('710f2cd4-d761-4e7a-8b10-3226179d4a3c','0526d2a0-a146-48f0-b700-178d225255a6');
INSERT INTO "asset_tag_map" ("asset_id","tag_id") VALUES('7f79b4f2-e188-4598-8d59-bc2e098addfb','0526d2a0-a146-48f0-b700-178d225255a6');
INSERT INTO "asset_tag_map" ("asset_id","tag_id") VALUES('9fd92ea2-821f-460f-91b0-bc166cf86402','0526d2a0-a146-48f0-b700-178d225255a6');
INSERT INTO "asset_tag_map" ("asset_id","tag_id") VALUES('be87cd11-9692-4b01-a74c-c98f3b0c3fd9','0526d2a0-a146-48f0-b700-178d225255a6');
INSERT INTO "asset_tag_map" ("asset_id","tag_id") VALUES('dfd92718-7d38-4073-a16b-8b54bcc49f4f','0526d2a0-a146-48f0-b700-178d225255a6');
INSERT INTO "asset_tag_map" ("asset_id","tag_id") VALUES('2bb13ffc-db7c-4e33-abc0-db0874dca0c1','052b0db5-d1aa-4a3b-9cf0-4264f3bed5ff');
INSERT INTO "asset_tag_map" ("asset_id","tag_id") VALUES('4ec45d9a-1aef-4d19-bf2c-cd11c84aaadb','052b0db5-d1aa-4a3b-9cf0-4264f3bed5ff');
INSERT INTO "asset_tag_map" ("asset_id","tag_id") VALUES('9fd92ea2-821f-460f-91b0-bc166cf86402','052b0db5-d1aa-4a3b-9cf0-4264f3bed5ff');
INSERT INTO "asset_tag_map" ("asset_id","tag_id") VALUES('dfd92718-7d38-4073-a16b-8b54bcc49f4f','052b0db5-d1aa-4a3b-9cf0-4264f3bed5ff');
INSERT INTO "asset_tag_map" ("asset_id","tag_id") VALUES('be87cd11-9692-4b01-a74c-c98f3b0c3fd9','12562fbe-2379-4794-a759-b514b14df818');
INSERT INTO "asset_tag_map" ("asset_id","tag_id") VALUES('4a2c2c0e-402d-405f-95c2-3b7baa3681b9','12a58ca7-4470-438c-ada8-6c62f3c1e12d');
INSERT INTO "asset_tag_map" ("asset_id","tag_id") VALUES('ba8b2ce4-0fee-43d1-94b8-287e375eb3d2','12a58ca7-4470-438c-ada8-6c62f3c1e12d');
INSERT INTO "asset_tag_map" ("asset_id","tag_id") VALUES('d1c595b6-c974-4a16-9f59-ee3735eca48b','12a58ca7-4470-438c-ada8-6c62f3c1e12d');
INSERT INTO "asset_tag_map" ("asset_id","tag_id") VALUES('6a1c59c8-3369-4e46-8aac-4698538e2039','14a040c2-b33a-45db-8721-b417de8c7ac5');
INSERT INTO "asset_tag_map" ("asset_id","tag_id") VALUES('710f2cd4-d761-4e7a-8b10-3226179d4a3c','1605c2c9-48de-4892-b2e1-cc908f75a1ca');
INSERT INTO "asset_tag_map" ("asset_id","tag_id") VALUES('4a2c2c0e-402d-405f-95c2-3b7baa3681b9','25cde48b-1363-4f93-a8d0-971299a4eeb6');
INSERT INTO "asset_tag_map" ("asset_id","tag_id") VALUES('6a1c59c8-3369-4e46-8aac-4698538e2039','270a9618-3e30-41d8-9c93-08f968374021');
INSERT INTO "asset_tag_map" ("asset_id","tag_id") VALUES('1435380d-aa55-4179-b0bc-7b90c3f44564','27469091-d100-407c-8f99-610e28875125');
INSERT INTO "asset_tag_map" ("asset_id","tag_id") VALUES('be87cd11-9692-4b01-a74c-c98f3b0c3fd9','27469091-d100-407c-8f99-610e28875125');
INSERT INTO "asset_tag_map" ("asset_id","tag_id") VALUES('2aabe985-332c-49dc-8a8a-8ac909050b81','2c2de077-5d83-42fc-a37d-078252a30161');
INSERT INTO "asset_tag_map" ("asset_id","tag_id") VALUES('be87cd11-9692-4b01-a74c-c98f3b0c3fd9','2c2de077-5d83-42fc-a37d-078252a30161');
INSERT INTO "asset_tag_map" ("asset_id","tag_id") VALUES('ba8b2ce4-0fee-43d1-94b8-287e375eb3d2','32095390-00b2-4c31-bdd3-d5b0d9d05569');
INSERT INTO "asset_tag_map" ("asset_id","tag_id") VALUES('2bb13ffc-db7c-4e33-abc0-db0874dca0c1','45b65b49-0588-4d8f-afe8-72e37d6c9f20');
INSERT INTO "asset_tag_map" ("asset_id","tag_id") VALUES('9fd92ea2-821f-460f-91b0-bc166cf86402','45b65b49-0588-4d8f-afe8-72e37d6c9f20');
INSERT INTO "asset_tag_map" ("asset_id","tag_id") VALUES('1435380d-aa55-4179-b0bc-7b90c3f44564','484ca5cc-989d-4757-86b3-28d926edd321');
INSERT INTO "asset_tag_map" ("asset_id","tag_id") VALUES('2aabe985-332c-49dc-8a8a-8ac909050b81','484ca5cc-989d-4757-86b3-28d926edd321');
INSERT INTO "asset_tag_map" ("asset_id","tag_id") VALUES('2bb13ffc-db7c-4e33-abc0-db0874dca0c1','484ca5cc-989d-4757-86b3-28d926edd321');
INSERT INTO "asset_tag_map" ("asset_id","tag_id") VALUES('4ec45d9a-1aef-4d19-bf2c-cd11c84aaadb','484ca5cc-989d-4757-86b3-28d926edd321');
INSERT INTO "asset_tag_map" ("asset_id","tag_id") VALUES('9fd92ea2-821f-460f-91b0-bc166cf86402','484ca5cc-989d-4757-86b3-28d926edd321');
INSERT INTO "asset_tag_map" ("asset_id","tag_id") VALUES('be87cd11-9692-4b01-a74c-c98f3b0c3fd9','484ca5cc-989d-4757-86b3-28d926edd321');
INSERT INTO "asset_tag_map" ("asset_id","tag_id") VALUES('dfd92718-7d38-4073-a16b-8b54bcc49f4f','484ca5cc-989d-4757-86b3-28d926edd321');
INSERT INTO "asset_tag_map" ("asset_id","tag_id") VALUES('ba8b2ce4-0fee-43d1-94b8-287e375eb3d2','4f5263df-6471-45e8-90d7-2809bffb56ac');
INSERT INTO "asset_tag_map" ("asset_id","tag_id") VALUES('6a1c59c8-3369-4e46-8aac-4698538e2039','52ed987e-7ce0-44f6-b1e4-891b0408b17c');
INSERT INTO "asset_tag_map" ("asset_id","tag_id") VALUES('d1c595b6-c974-4a16-9f59-ee3735eca48b','59e680ee-0d52-44cc-9026-950d272f679c');
INSERT INTO "asset_tag_map" ("asset_id","tag_id") VALUES('1435380d-aa55-4179-b0bc-7b90c3f44564','5e43af92-6a57-4065-aedd-adafe5fceb15');
INSERT INTO "asset_tag_map" ("asset_id","tag_id") VALUES('2aabe985-332c-49dc-8a8a-8ac909050b81','5e43af92-6a57-4065-aedd-adafe5fceb15');
INSERT INTO "asset_tag_map" ("asset_id","tag_id") VALUES('2bb13ffc-db7c-4e33-abc0-db0874dca0c1','5e43af92-6a57-4065-aedd-adafe5fceb15');
INSERT INTO "asset_tag_map" ("asset_id","tag_id") VALUES('4ec45d9a-1aef-4d19-bf2c-cd11c84aaadb','5e43af92-6a57-4065-aedd-adafe5fceb15');
INSERT INTO "asset_tag_map" ("asset_id","tag_id") VALUES('6a1c59c8-3369-4e46-8aac-4698538e2039','5e43af92-6a57-4065-aedd-adafe5fceb15');
INSERT INTO "asset_tag_map" ("asset_id","tag_id") VALUES('9fd92ea2-821f-460f-91b0-bc166cf86402','5e43af92-6a57-4065-aedd-adafe5fceb15');
INSERT INTO "asset_tag_map" ("asset_id","tag_id") VALUES('be87cd11-9692-4b01-a74c-c98f3b0c3fd9','5e43af92-6a57-4065-aedd-adafe5fceb15');
INSERT INTO "asset_tag_map" ("asset_id","tag_id") VALUES('dfd92718-7d38-4073-a16b-8b54bcc49f4f','5e43af92-6a57-4065-aedd-adafe5fceb15');
INSERT INTO "asset_tag_map" ("asset_id","tag_id") VALUES('4ec45d9a-1aef-4d19-bf2c-cd11c84aaadb','62fbad49-990d-4855-ace3-cb42a1398728');
INSERT INTO "asset_tag_map" ("asset_id","tag_id") VALUES('d1c595b6-c974-4a16-9f59-ee3735eca48b','753d9306-6df6-4ff7-b223-f309360216cd');
INSERT INTO "asset_tag_map" ("asset_id","tag_id") VALUES('7f79b4f2-e188-4598-8d59-bc2e098addfb','80e438e0-8932-44d3-8d22-416e7471f63d');
INSERT INTO "asset_tag_map" ("asset_id","tag_id") VALUES('ba8b2ce4-0fee-43d1-94b8-287e375eb3d2','81f755cc-ab4d-4054-b610-37e66adcac8d');
INSERT INTO "asset_tag_map" ("asset_id","tag_id") VALUES('2aabe985-332c-49dc-8a8a-8ac909050b81','83d27f28-7aaa-495b-9562-6deee422d6c7');
INSERT INTO "asset_tag_map" ("asset_id","tag_id") VALUES('d1c595b6-c974-4a16-9f59-ee3735eca48b','85855677-5ebc-4b3c-92e2-8cf4612c937d');
INSERT INTO "asset_tag_map" ("asset_id","tag_id") VALUES('d1c595b6-c974-4a16-9f59-ee3735eca48b','89758d39-2d04-4838-9b07-4f44d63f892f');
INSERT INTO "asset_tag_map" ("asset_id","tag_id") VALUES('4a2c2c0e-402d-405f-95c2-3b7baa3681b9','92fd0aba-6204-4c78-9dcf-cb4a95b3f908');
INSERT INTO "asset_tag_map" ("asset_id","tag_id") VALUES('6a1c59c8-3369-4e46-8aac-4698538e2039','992dde52-b015-4cf9-9e82-d35add27b9e5');
INSERT INTO "asset_tag_map" ("asset_id","tag_id") VALUES('0c80bb92-099c-4782-a70f-bfa47fa31da3','a48b6672-ebf7-449d-9275-de6909fe276e');
INSERT INTO "asset_tag_map" ("asset_id","tag_id") VALUES('ba8b2ce4-0fee-43d1-94b8-287e375eb3d2','aa95b87b-9ef3-44fc-8b0e-b056fbecd8de');
INSERT INTO "asset_tag_map" ("asset_id","tag_id") VALUES('1435380d-aa55-4179-b0bc-7b90c3f44564','b293ea6a-f16a-494b-b4d0-01255504b066');
INSERT INTO "asset_tag_map" ("asset_id","tag_id") VALUES('1435380d-aa55-4179-b0bc-7b90c3f44564','c5f04cb3-4c66-41da-8469-efdd974a2cad');
INSERT INTO "asset_tag_map" ("asset_id","tag_id") VALUES('be87cd11-9692-4b01-a74c-c98f3b0c3fd9','c5f04cb3-4c66-41da-8469-efdd974a2cad');
INSERT INTO "asset_tag_map" ("asset_id","tag_id") VALUES('6a1c59c8-3369-4e46-8aac-4698538e2039','ed2c2565-9cc8-4638-a51a-6daccd5d0518');
INSERT INTO "asset_tag_map" ("asset_id","tag_id") VALUES('be87cd11-9692-4b01-a74c-c98f3b0c3fd9','f1e2908c-8355-43a6-9d10-99863acb5bf3');
INSERT INTO "asset_tag_map" ("asset_id","tag_id") VALUES('4a2c2c0e-402d-405f-95c2-3b7baa3681b9','fb9c8a3e-8de0-493f-9cb9-cf53f72d0f54');
INSERT INTO "asset_tag_map" ("asset_id","tag_id") VALUES('ba8b2ce4-0fee-43d1-94b8-287e375eb3d2','ff36c43c-617d-42f5-baf6-33860bf30424');
CREATE TABLE asset_requests (   id TEXT PRIMARY KEY,   asset_id TEXT NOT NULL,   requester_user_id TEXT NOT NULL,   current_holder_user_id TEXT NOT NULL,   status TEXT NOT NULL DEFAULT 'pendiente',   created_at TIMESTAMP DEFAULT CURRENT_TIMESTAMP,   responded_at TIMESTAMP,   responded_by_user_id TEXT, holder_read_at TIMESTAMP, requester_read_at TIMESTAMP,   FOREIGN KEY (asset_id) REFERENCES assets(id),   FOREIGN KEY (requester_user_id) REFERENCES users(id),   FOREIGN KEY (current_holder_user_id) REFERENCES users(id),   FOREIGN KEY (responded_by_user_id) REFERENCES users(id) );
INSERT INTO "asset_requests" ("id","asset_id","requester_user_id","current_holder_user_id","status","created_at","responded_at","responded_by_user_id","holder_read_at","requester_read_at") VALUES('49377e8f-7231-45dc-8f29-7ff6d0a47e4d','d1c595b6-c974-4a16-9f59-ee3735eca48b','5e3b7ae6-02e9-4cd8-930f-2cef7f2a288b','5c887d31-bc16-4bf6-8370-f5502968846e','aceptada','2026-03-16 23:20:24','2026-03-16 23:21:12','5c887d31-bc16-4bf6-8370-f5502968846e','2026-03-16 23:21:12','2026-03-16 23:25:35');
INSERT INTO "asset_requests" ("id","asset_id","requester_user_id","current_holder_user_id","status","created_at","responded_at","responded_by_user_id","holder_read_at","requester_read_at") VALUES('66aca161-6d2f-4c4b-bce4-023612530745','d1c595b6-c974-4a16-9f59-ee3735eca48b','79c1c079-ebd6-46ce-995c-6f354bee74f8','5e3b7ae6-02e9-4cd8-930f-2cef7f2a288b','aceptada','2026-03-16 23:48:00','2026-03-17 00:07:05','5e3b7ae6-02e9-4cd8-930f-2cef7f2a288b','2026-03-17 00:07:05','2026-03-17 00:33:49');
INSERT INTO "asset_requests" ("id","asset_id","requester_user_id","current_holder_user_id","status","created_at","responded_at","responded_by_user_id","holder_read_at","requester_read_at") VALUES('36acde23-b971-4239-8e65-3c31f580fb95','be87cd11-9692-4b01-a74c-c98f3b0c3fd9','79c1c079-ebd6-46ce-995c-6f354bee74f8','5e3b7ae6-02e9-4cd8-930f-2cef7f2a288b','aceptada','2026-03-16 23:48:22','2026-03-17 00:07:34','5e3b7ae6-02e9-4cd8-930f-2cef7f2a288b','2026-03-17 00:07:34','2026-03-17 00:32:48');
INSERT INTO "asset_requests" ("id","asset_id","requester_user_id","current_holder_user_id","status","created_at","responded_at","responded_by_user_id","holder_read_at","requester_read_at") VALUES('61b827ce-c7e1-445d-be38-7d57381a92fb','6a1c59c8-3369-4e46-8aac-4698538e2039','79c1c079-ebd6-46ce-995c-6f354bee74f8','5e3b7ae6-02e9-4cd8-930f-2cef7f2a288b','aceptada','2026-03-17 00:45:52','2026-03-17 01:15:51','5e3b7ae6-02e9-4cd8-930f-2cef7f2a288b','2026-03-17 01:15:51','2026-03-17 01:54:47');
INSERT INTO "asset_requests" ("id","asset_id","requester_user_id","current_holder_user_id","status","created_at","responded_at","responded_by_user_id","holder_read_at","requester_read_at") VALUES('74874433-806e-4396-bf73-6775fc20cd90','1435380d-aa55-4179-b0bc-7b90c3f44564','79c1c079-ebd6-46ce-995c-6f354bee74f8','5e3b7ae6-02e9-4cd8-930f-2cef7f2a288b','aceptada','2026-03-17 01:15:17','2026-03-17 01:15:49','5e3b7ae6-02e9-4cd8-930f-2cef7f2a288b','2026-03-17 01:15:49','2026-03-17 01:16:31');
INSERT INTO "asset_requests" ("id","asset_id","requester_user_id","current_holder_user_id","status","created_at","responded_at","responded_by_user_id","holder_read_at","requester_read_at") VALUES('1dc9c89b-9870-43a5-ab6e-8e1cd7e8bec7','7f79b4f2-e188-4598-8d59-bc2e098addfb','79c1c079-ebd6-46ce-995c-6f354bee74f8','5e3b7ae6-02e9-4cd8-930f-2cef7f2a288b','aceptada','2026-03-17 01:55:12','2026-03-17 01:56:19','5e3b7ae6-02e9-4cd8-930f-2cef7f2a288b','2026-03-17 01:56:19','2026-03-17 01:58:28');
INSERT INTO "asset_requests" ("id","asset_id","requester_user_id","current_holder_user_id","status","created_at","responded_at","responded_by_user_id","holder_read_at","requester_read_at") VALUES('9216d6d8-8272-46fe-9ba7-d08df4aea6b4','710f2cd4-d761-4e7a-8b10-3226179d4a3c','79c1c079-ebd6-46ce-995c-6f354bee74f8','5e3b7ae6-02e9-4cd8-930f-2cef7f2a288b','aceptada','2026-03-17 01:55:25','2026-03-17 01:56:17','5e3b7ae6-02e9-4cd8-930f-2cef7f2a288b','2026-03-17 01:56:17','2026-03-17 01:57:53');
INSERT INTO "asset_requests" ("id","asset_id","requester_user_id","current_holder_user_id","status","created_at","responded_at","responded_by_user_id","holder_read_at","requester_read_at") VALUES('0f9ec5d2-f494-4228-b017-e43cb40ce90a','ba8b2ce4-0fee-43d1-94b8-287e375eb3d2','79c1c079-ebd6-46ce-995c-6f354bee74f8','5e3b7ae6-02e9-4cd8-930f-2cef7f2a288b','aceptada','2026-03-17 02:00:56','2026-03-17 02:01:20','5e3b7ae6-02e9-4cd8-930f-2cef7f2a288b','2026-03-17 02:01:20','2026-03-17 12:39:20');
INSERT INTO "asset_requests" ("id","asset_id","requester_user_id","current_holder_user_id","status","created_at","responded_at","responded_by_user_id","holder_read_at","requester_read_at") VALUES('35bf1852-93ff-4446-8511-4f56e411156a','2aabe985-332c-49dc-8a8a-8ac909050b81','79c1c079-ebd6-46ce-995c-6f354bee74f8','5e3b7ae6-02e9-4cd8-930f-2cef7f2a288b','aceptada','2026-03-17 12:41:16','2026-03-17 12:42:05','5e3b7ae6-02e9-4cd8-930f-2cef7f2a288b','2026-03-17 12:42:05','2026-03-17 12:55:13');
INSERT INTO "asset_requests" ("id","asset_id","requester_user_id","current_holder_user_id","status","created_at","responded_at","responded_by_user_id","holder_read_at","requester_read_at") VALUES('2f4e79a7-34cc-4b92-a920-1034c048d352','4a2c2c0e-402d-405f-95c2-3b7baa3681b9','79c1c079-ebd6-46ce-995c-6f354bee74f8','5e3b7ae6-02e9-4cd8-930f-2cef7f2a288b','completada','2026-03-17 12:57:44','2026-03-17 13:17:26','5e3b7ae6-02e9-4cd8-930f-2cef7f2a288b','2026-03-17 13:17:26','2026-03-17 13:21:40');
INSERT INTO "asset_requests" ("id","asset_id","requester_user_id","current_holder_user_id","status","created_at","responded_at","responded_by_user_id","holder_read_at","requester_read_at") VALUES('812add4e-5486-489f-9eb6-fac4a7ddda75','4ec45d9a-1aef-4d19-bf2c-cd11c84aaadb','79c1c079-ebd6-46ce-995c-6f354bee74f8','5e3b7ae6-02e9-4cd8-930f-2cef7f2a288b','completada','2026-03-17 13:16:35','2026-03-17 13:17:21','5e3b7ae6-02e9-4cd8-930f-2cef7f2a288b','2026-03-17 13:17:21','2026-03-17 13:20:56');
INSERT INTO "asset_requests" ("id","asset_id","requester_user_id","current_holder_user_id","status","created_at","responded_at","responded_by_user_id","holder_read_at","requester_read_at") VALUES('a40f8c22-3081-435b-850b-758fba38fef5','d1c595b6-c974-4a16-9f59-ee3735eca48b','5e3b7ae6-02e9-4cd8-930f-2cef7f2a288b','79c1c079-ebd6-46ce-995c-6f354bee74f8','completada','2026-03-17 13:25:30','2026-03-17 13:26:40','79c1c079-ebd6-46ce-995c-6f354bee74f8','2026-03-17 13:26:40','2026-03-17 13:27:02');
INSERT INTO "asset_requests" ("id","asset_id","requester_user_id","current_holder_user_id","status","created_at","responded_at","responded_by_user_id","holder_read_at","requester_read_at") VALUES('d1d279bd-ccb0-4a59-adfa-a926fed4f2b2','6a1c59c8-3369-4e46-8aac-4698538e2039','5e3b7ae6-02e9-4cd8-930f-2cef7f2a288b','79c1c079-ebd6-46ce-995c-6f354bee74f8','completada','2026-03-17 13:36:59','2026-03-17 13:37:14','79c1c079-ebd6-46ce-995c-6f354bee74f8','2026-03-17 13:37:14','2026-03-17 13:38:26');
INSERT INTO "asset_requests" ("id","asset_id","requester_user_id","current_holder_user_id","status","created_at","responded_at","responded_by_user_id","holder_read_at","requester_read_at") VALUES('cddac32a-b9d4-4c38-ac14-33c6ae9a7a9b','be87cd11-9692-4b01-a74c-c98f3b0c3fd9','5e3b7ae6-02e9-4cd8-930f-2cef7f2a288b','79c1c079-ebd6-46ce-995c-6f354bee74f8','completada','2026-03-17 13:40:20','2026-03-17 13:40:40','79c1c079-ebd6-46ce-995c-6f354bee74f8','2026-03-17 13:40:40','2026-03-17 13:40:58');
INSERT INTO "asset_requests" ("id","asset_id","requester_user_id","current_holder_user_id","status","created_at","responded_at","responded_by_user_id","holder_read_at","requester_read_at") VALUES('194a450b-fa78-4f39-8cea-6a5bd3dc2c78','1435380d-aa55-4179-b0bc-7b90c3f44564','5e3b7ae6-02e9-4cd8-930f-2cef7f2a288b','79c1c079-ebd6-46ce-995c-6f354bee74f8','completada','2026-03-17 13:45:54','2026-03-17 13:58:46','79c1c079-ebd6-46ce-995c-6f354bee74f8','2026-03-17 13:58:46','2026-03-17 13:59:36');
INSERT INTO "asset_requests" ("id","asset_id","requester_user_id","current_holder_user_id","status","created_at","responded_at","responded_by_user_id","holder_read_at","requester_read_at") VALUES('c2804ad9-1e80-4c29-82a7-5ec99dd85779','4a2c2c0e-402d-405f-95c2-3b7baa3681b9','5e3b7ae6-02e9-4cd8-930f-2cef7f2a288b','79c1c079-ebd6-46ce-995c-6f354bee74f8','pendiente','2026-03-17 21:09:50',NULL,NULL,NULL,'2026-03-17 21:09:50');
INSERT INTO "asset_requests" ("id","asset_id","requester_user_id","current_holder_user_id","status","created_at","responded_at","responded_by_user_id","holder_read_at","requester_read_at") VALUES('3c87a4cc-e90d-491f-83f8-8552ad2f895d','6a1c59c8-3369-4e46-8aac-4698538e2039','79c1c079-ebd6-46ce-995c-6f354bee74f8','5e3b7ae6-02e9-4cd8-930f-2cef7f2a288b','aceptada','2026-03-18 08:55:21','2026-03-18 15:06:01','5e3b7ae6-02e9-4cd8-930f-2cef7f2a288b','2026-03-18 15:06:01',NULL);
INSERT INTO "asset_requests" ("id","asset_id","requester_user_id","current_holder_user_id","status","created_at","responded_at","responded_by_user_id","holder_read_at","requester_read_at") VALUES('7fc528ec-b4cf-441f-ae9c-a8172c170279','ba8b2ce4-0fee-43d1-94b8-287e375eb3d2','5e3b7ae6-02e9-4cd8-930f-2cef7f2a288b','79c1c079-ebd6-46ce-995c-6f354bee74f8','pendiente','2026-03-18 09:27:16',NULL,NULL,NULL,'2026-03-18 09:27:16');
INSERT INTO "asset_requests" ("id","asset_id","requester_user_id","current_holder_user_id","status","created_at","responded_at","responded_by_user_id","holder_read_at","requester_read_at") VALUES('aedf847c-0a5f-4052-a641-1e8425e9e7f8','4ec45d9a-1aef-4d19-bf2c-cd11c84aaadb','5e3b7ae6-02e9-4cd8-930f-2cef7f2a288b','79c1c079-ebd6-46ce-995c-6f354bee74f8','pendiente','2026-03-18 09:34:33',NULL,NULL,NULL,'2026-03-18 09:34:33');
INSERT INTO "asset_requests" ("id","asset_id","requester_user_id","current_holder_user_id","status","created_at","responded_at","responded_by_user_id","holder_read_at","requester_read_at") VALUES('7c090875-9ed0-4efe-bacc-f4f554c653ad','be87cd11-9692-4b01-a74c-c98f3b0c3fd9','b581deff-3be3-4a63-b539-e2aa855e9941','5e3b7ae6-02e9-4cd8-930f-2cef7f2a288b','completada','2026-03-18 15:04:58','2026-03-18 15:05:43','5e3b7ae6-02e9-4cd8-930f-2cef7f2a288b','2026-03-18 15:05:43','2026-03-18 15:32:40');
INSERT INTO "asset_requests" ("id","asset_id","requester_user_id","current_holder_user_id","status","created_at","responded_at","responded_by_user_id","holder_read_at","requester_read_at") VALUES('b69aea20-e22b-4cea-a2d6-b7b69accc195','6a1c59c8-3369-4e46-8aac-4698538e2039','a4395cff-2b3c-412d-b823-ece56aeb5bf0','5e3b7ae6-02e9-4cd8-930f-2cef7f2a288b','aceptada','2026-03-18 15:07:04','2026-03-18 15:07:22','5e3b7ae6-02e9-4cd8-930f-2cef7f2a288b','2026-03-18 15:07:22',NULL);
INSERT INTO "asset_requests" ("id","asset_id","requester_user_id","current_holder_user_id","status","created_at","responded_at","responded_by_user_id","holder_read_at","requester_read_at") VALUES('245f884a-430a-40f3-bc16-a8675064d371','7f79b4f2-e188-4598-8d59-bc2e098addfb','9f519588-359c-4b1f-bdd9-1ef5946cc0df','79c1c079-ebd6-46ce-995c-6f354bee74f8','pendiente','2026-03-18 15:07:07',NULL,NULL,NULL,'2026-03-18 15:07:07');
CREATE TABLE asset_movements (   id TEXT PRIMARY KEY,   asset_id TEXT NOT NULL,   movement_type TEXT NOT NULL,   from_user_id TEXT,   to_user_id TEXT,   request_id TEXT,   notes TEXT,   created_at TIMESTAMP DEFAULT CURRENT_TIMESTAMP,   FOREIGN KEY (asset_id) REFERENCES assets(id),   FOREIGN KEY (from_user_id) REFERENCES users(id),   FOREIGN KEY (to_user_id) REFERENCES users(id),   FOREIGN KEY (request_id) REFERENCES asset_requests(id) );
INSERT INTO "asset_movements" ("id","asset_id","movement_type","from_user_id","to_user_id","request_id","notes","created_at") VALUES('86b5080b-a912-4d60-82ae-3eb6b8772276','d1c595b6-c974-4a16-9f59-ee3735eca48b','solicitud','5c887d31-bc16-4bf6-8370-f5502968846e','5e3b7ae6-02e9-4cd8-930f-2cef7f2a288b','49377e8f-7231-45dc-8f29-7ff6d0a47e4d','Solicitud enviada para el activo OTR-1801','2026-03-16 23:20:24');
INSERT INTO "asset_movements" ("id","asset_id","movement_type","from_user_id","to_user_id","request_id","notes","created_at") VALUES('32f1e7be-8ab7-4444-881f-c70ea9f18227','d1c595b6-c974-4a16-9f59-ee3735eca48b','traspaso','5c887d31-bc16-4bf6-8370-f5502968846e','5e3b7ae6-02e9-4cd8-930f-2cef7f2a288b','49377e8f-7231-45dc-8f29-7ff6d0a47e4d','Traspaso aceptado por el responsable actual.','2026-03-16 23:21:12');
INSERT INTO "asset_movements" ("id","asset_id","movement_type","from_user_id","to_user_id","request_id","notes","created_at") VALUES('445c25dc-0812-480f-acf4-f3be48709e42','d1c595b6-c974-4a16-9f59-ee3735eca48b','solicitud','5e3b7ae6-02e9-4cd8-930f-2cef7f2a288b','79c1c079-ebd6-46ce-995c-6f354bee74f8','66aca161-6d2f-4c4b-bce4-023612530745','Solicitud enviada para el activo OTR-1801','2026-03-16 23:48:00');
INSERT INTO "asset_movements" ("id","asset_id","movement_type","from_user_id","to_user_id","request_id","notes","created_at") VALUES('033b9a69-b156-4535-85f1-879a75210685','be87cd11-9692-4b01-a74c-c98f3b0c3fd9','solicitud','5e3b7ae6-02e9-4cd8-930f-2cef7f2a288b','79c1c079-ebd6-46ce-995c-6f354bee74f8','36acde23-b971-4239-8e65-3c31f580fb95','Solicitud enviada para el activo INS-2201','2026-03-16 23:48:22');
INSERT INTO "asset_movements" ("id","asset_id","movement_type","from_user_id","to_user_id","request_id","notes","created_at") VALUES('b70b5233-e301-4b54-88d7-eeb39ed021e7','d1c595b6-c974-4a16-9f59-ee3735eca48b','traspaso','5e3b7ae6-02e9-4cd8-930f-2cef7f2a288b','79c1c079-ebd6-46ce-995c-6f354bee74f8','66aca161-6d2f-4c4b-bce4-023612530745','Traspaso aceptado por el responsable actual.','2026-03-17 00:07:05');
INSERT INTO "asset_movements" ("id","asset_id","movement_type","from_user_id","to_user_id","request_id","notes","created_at") VALUES('2f7d5a56-bd45-4f8a-93e1-3024e7c5e2fb','be87cd11-9692-4b01-a74c-c98f3b0c3fd9','traspaso','5e3b7ae6-02e9-4cd8-930f-2cef7f2a288b','79c1c079-ebd6-46ce-995c-6f354bee74f8','36acde23-b971-4239-8e65-3c31f580fb95','Traspaso aceptado por el responsable actual.','2026-03-17 00:07:34');
INSERT INTO "asset_movements" ("id","asset_id","movement_type","from_user_id","to_user_id","request_id","notes","created_at") VALUES('64af7e16-bbd8-41a1-a3f8-3ac35d1ec790','6a1c59c8-3369-4e46-8aac-4698538e2039','solicitud','5e3b7ae6-02e9-4cd8-930f-2cef7f2a288b','79c1c079-ebd6-46ce-995c-6f354bee74f8','61b827ce-c7e1-445d-be38-7d57381a92fb','Solicitud enviada para el activo INS-2501','2026-03-17 00:45:52');
INSERT INTO "asset_movements" ("id","asset_id","movement_type","from_user_id","to_user_id","request_id","notes","created_at") VALUES('7124f6be-8f61-4f12-89ce-6ae3e08783bf','1435380d-aa55-4179-b0bc-7b90c3f44564','solicitud','5e3b7ae6-02e9-4cd8-930f-2cef7f2a288b','79c1c079-ebd6-46ce-995c-6f354bee74f8','74874433-806e-4396-bf73-6775fc20cd90','Solicitud enviada para el activo INS-1801','2026-03-17 01:15:17');
INSERT INTO "asset_movements" ("id","asset_id","movement_type","from_user_id","to_user_id","request_id","notes","created_at") VALUES('5c47bc1e-7612-45dc-aaab-77f0981ae406','1435380d-aa55-4179-b0bc-7b90c3f44564','traspaso','5e3b7ae6-02e9-4cd8-930f-2cef7f2a288b','79c1c079-ebd6-46ce-995c-6f354bee74f8','74874433-806e-4396-bf73-6775fc20cd90','Traspaso aceptado por el responsable actual.','2026-03-17 01:15:49');
INSERT INTO "asset_movements" ("id","asset_id","movement_type","from_user_id","to_user_id","request_id","notes","created_at") VALUES('33a23868-ca13-4925-9b3c-219d8420a3cd','6a1c59c8-3369-4e46-8aac-4698538e2039','traspaso','5e3b7ae6-02e9-4cd8-930f-2cef7f2a288b','79c1c079-ebd6-46ce-995c-6f354bee74f8','61b827ce-c7e1-445d-be38-7d57381a92fb','Traspaso aceptado por el responsable actual.','2026-03-17 01:15:51');
INSERT INTO "asset_movements" ("id","asset_id","movement_type","from_user_id","to_user_id","request_id","notes","created_at") VALUES('18aaa1b7-8564-48ba-89ca-a858de7c8447','1435380d-aa55-4179-b0bc-7b90c3f44564','edicion','79c1c079-ebd6-46ce-995c-6f354bee74f8','79c1c079-ebd6-46ce-995c-6f354bee74f8',NULL,'Campos editados: notes','2026-03-17 01:17:24');
INSERT INTO "asset_movements" ("id","asset_id","movement_type","from_user_id","to_user_id","request_id","notes","created_at") VALUES('7bcdf9c3-ecf0-4daf-96ae-2a12db79b25a','1435380d-aa55-4179-b0bc-7b90c3f44564','edicion','79c1c079-ebd6-46ce-995c-6f354bee74f8','79c1c079-ebd6-46ce-995c-6f354bee74f8',NULL,'Campos editados: notes','2026-03-17 01:17:52');
INSERT INTO "asset_movements" ("id","asset_id","movement_type","from_user_id","to_user_id","request_id","notes","created_at") VALUES('ee54dfb9-e671-4440-a091-6025d4ebed63','1435380d-aa55-4179-b0bc-7b90c3f44564','edicion','79c1c079-ebd6-46ce-995c-6f354bee74f8','79c1c079-ebd6-46ce-995c-6f354bee74f8',NULL,'Campos editados: notes','2026-03-17 01:41:36');
INSERT INTO "asset_movements" ("id","asset_id","movement_type","from_user_id","to_user_id","request_id","notes","created_at") VALUES('7f505e67-dd35-4841-b7d7-a2b8a171aa11','1435380d-aa55-4179-b0bc-7b90c3f44564','edicion','79c1c079-ebd6-46ce-995c-6f354bee74f8','79c1c079-ebd6-46ce-995c-6f354bee74f8',NULL,'Campos editados: current_value','2026-03-17 01:41:56');
INSERT INTO "asset_movements" ("id","asset_id","movement_type","from_user_id","to_user_id","request_id","notes","created_at") VALUES('536a7a9a-09d6-42e8-a72c-214331805f02','1435380d-aa55-4179-b0bc-7b90c3f44564','edicion','79c1c079-ebd6-46ce-995c-6f354bee74f8','79c1c079-ebd6-46ce-995c-6f354bee74f8',NULL,'Campos editados: status','2026-03-17 01:42:16');
INSERT INTO "asset_movements" ("id","asset_id","movement_type","from_user_id","to_user_id","request_id","notes","created_at") VALUES('0ee8cc07-6a88-4f35-b0e2-753d8b2de0eb','7f79b4f2-e188-4598-8d59-bc2e098addfb','solicitud','5e3b7ae6-02e9-4cd8-930f-2cef7f2a288b','79c1c079-ebd6-46ce-995c-6f354bee74f8','1dc9c89b-9870-43a5-ab6e-8e1cd7e8bec7','Solicitud enviada para el activo 001ts','2026-03-17 01:55:12');
INSERT INTO "asset_movements" ("id","asset_id","movement_type","from_user_id","to_user_id","request_id","notes","created_at") VALUES('4afeebc7-fe03-4ce3-a52a-4e118247cdc6','710f2cd4-d761-4e7a-8b10-3226179d4a3c','solicitud','5e3b7ae6-02e9-4cd8-930f-2cef7f2a288b','79c1c079-ebd6-46ce-995c-6f354bee74f8','9216d6d8-8272-46fe-9ba7-d08df4aea6b4','Solicitud enviada para el activo 001','2026-03-17 01:55:25');
INSERT INTO "asset_movements" ("id","asset_id","movement_type","from_user_id","to_user_id","request_id","notes","created_at") VALUES('1b555d24-bd36-49ea-aff8-4a60b9cf58dc','710f2cd4-d761-4e7a-8b10-3226179d4a3c','traspaso','5e3b7ae6-02e9-4cd8-930f-2cef7f2a288b','79c1c079-ebd6-46ce-995c-6f354bee74f8','9216d6d8-8272-46fe-9ba7-d08df4aea6b4','Traspaso aceptado por el responsable actual.','2026-03-17 01:56:17');
INSERT INTO "asset_movements" ("id","asset_id","movement_type","from_user_id","to_user_id","request_id","notes","created_at") VALUES('5a143920-e5b9-4774-9bed-72d006213270','7f79b4f2-e188-4598-8d59-bc2e098addfb','traspaso','5e3b7ae6-02e9-4cd8-930f-2cef7f2a288b','79c1c079-ebd6-46ce-995c-6f354bee74f8','1dc9c89b-9870-43a5-ab6e-8e1cd7e8bec7','Traspaso aceptado por el responsable actual.','2026-03-17 01:56:19');
INSERT INTO "asset_movements" ("id","asset_id","movement_type","from_user_id","to_user_id","request_id","notes","created_at") VALUES('082ced8f-10c0-43d3-85e6-c030b7b8e456','ba8b2ce4-0fee-43d1-94b8-287e375eb3d2','solicitud','5e3b7ae6-02e9-4cd8-930f-2cef7f2a288b','79c1c079-ebd6-46ce-995c-6f354bee74f8','0f9ec5d2-f494-4228-b017-e43cb40ce90a','Solicitud enviada para el activo TUNA-OTR-20260314-440956','2026-03-17 02:00:56');
INSERT INTO "asset_movements" ("id","asset_id","movement_type","from_user_id","to_user_id","request_id","notes","created_at") VALUES('4a5c83cc-730a-445a-9074-6fa5da729322','ba8b2ce4-0fee-43d1-94b8-287e375eb3d2','traspaso','5e3b7ae6-02e9-4cd8-930f-2cef7f2a288b','79c1c079-ebd6-46ce-995c-6f354bee74f8','0f9ec5d2-f494-4228-b017-e43cb40ce90a','Traspaso aceptado por el responsable actual.','2026-03-17 02:01:20');
INSERT INTO "asset_movements" ("id","asset_id","movement_type","from_user_id","to_user_id","request_id","notes","created_at") VALUES('93ae71b3-818d-4b34-b9f4-56a26a605e44','2aabe985-332c-49dc-8a8a-8ac909050b81','solicitud','5e3b7ae6-02e9-4cd8-930f-2cef7f2a288b','79c1c079-ebd6-46ce-995c-6f354bee74f8','35bf1852-93ff-4446-8511-4f56e411156a','Solicitud enviada para el activo TUNA-INS-20260314-6087BF','2026-03-17 12:41:16');
INSERT INTO "asset_movements" ("id","asset_id","movement_type","from_user_id","to_user_id","request_id","notes","created_at") VALUES('03f99e20-414e-4eec-9e71-b445e5642398','2aabe985-332c-49dc-8a8a-8ac909050b81','traspaso','5e3b7ae6-02e9-4cd8-930f-2cef7f2a288b','79c1c079-ebd6-46ce-995c-6f354bee74f8','35bf1852-93ff-4446-8511-4f56e411156a','Traspaso aceptado por el responsable actual.','2026-03-17 12:42:05');
INSERT INTO "asset_movements" ("id","asset_id","movement_type","from_user_id","to_user_id","request_id","notes","created_at") VALUES('681c6ac1-c079-49a3-b1fc-4153b08c1b92','4a2c2c0e-402d-405f-95c2-3b7baa3681b9','solicitud','5e3b7ae6-02e9-4cd8-930f-2cef7f2a288b','79c1c079-ebd6-46ce-995c-6f354bee74f8','2f4e79a7-34cc-4b92-a920-1034c048d352','Solicitud enviada para el activo TUNA-OTR-20260314-A0AE08','2026-03-17 12:57:44');
INSERT INTO "asset_movements" ("id","asset_id","movement_type","from_user_id","to_user_id","request_id","notes","created_at") VALUES('63439739-545c-4c54-a45b-558f7150d6ba','4ec45d9a-1aef-4d19-bf2c-cd11c84aaadb','solicitud','5e3b7ae6-02e9-4cd8-930f-2cef7f2a288b','79c1c079-ebd6-46ce-995c-6f354bee74f8','812add4e-5486-489f-9eb6-fac4a7ddda75','Solicitud enviada para el activo TUNA-INS-20260314-D21159','2026-03-17 13:16:35');
INSERT INTO "asset_movements" ("id","asset_id","movement_type","from_user_id","to_user_id","request_id","notes","created_at") VALUES('6b12a766-a254-439c-836f-0144cdec2b77','4ec45d9a-1aef-4d19-bf2c-cd11c84aaadb','recepcion','5e3b7ae6-02e9-4cd8-930f-2cef7f2a288b','79c1c079-ebd6-46ce-995c-6f354bee74f8','812add4e-5486-489f-9eb6-fac4a7ddda75','Recepcion confirmada y activo asumido por el nuevo responsable.','2026-03-17 13:20:54');
INSERT INTO "asset_movements" ("id","asset_id","movement_type","from_user_id","to_user_id","request_id","notes","created_at") VALUES('73b647d0-7829-4e89-acb5-650498cf6ee5','4a2c2c0e-402d-405f-95c2-3b7baa3681b9','recepcion','5e3b7ae6-02e9-4cd8-930f-2cef7f2a288b','79c1c079-ebd6-46ce-995c-6f354bee74f8','2f4e79a7-34cc-4b92-a920-1034c048d352','Recepcion confirmada y activo asumido por el nuevo responsable.','2026-03-17 13:21:38');
INSERT INTO "asset_movements" ("id","asset_id","movement_type","from_user_id","to_user_id","request_id","notes","created_at") VALUES('5475e0e3-0efb-498b-abf4-f32967e43d40','d1c595b6-c974-4a16-9f59-ee3735eca48b','solicitud','79c1c079-ebd6-46ce-995c-6f354bee74f8','5e3b7ae6-02e9-4cd8-930f-2cef7f2a288b','a40f8c22-3081-435b-850b-758fba38fef5','Solicitud enviada para el activo OTR-1801','2026-03-17 13:25:30');
INSERT INTO "asset_movements" ("id","asset_id","movement_type","from_user_id","to_user_id","request_id","notes","created_at") VALUES('1d46f58b-0375-4e3d-abac-0b30f48de4b5','d1c595b6-c974-4a16-9f59-ee3735eca48b','aprobacion_traspaso','79c1c079-ebd6-46ce-995c-6f354bee74f8','5e3b7ae6-02e9-4cd8-930f-2cef7f2a288b','a40f8c22-3081-435b-850b-758fba38fef5','Solicitud aceptada por el responsable actual. Pendiente de recepción del solicitante.','2026-03-17 13:26:40');
INSERT INTO "asset_movements" ("id","asset_id","movement_type","from_user_id","to_user_id","request_id","notes","created_at") VALUES('22dd071c-1941-485f-8331-a4633c6540ee','d1c595b6-c974-4a16-9f59-ee3735eca48b','recepcion','79c1c079-ebd6-46ce-995c-6f354bee74f8','5e3b7ae6-02e9-4cd8-930f-2cef7f2a288b','a40f8c22-3081-435b-850b-758fba38fef5','Recepcion confirmada y activo asumido por el nuevo responsable.','2026-03-17 13:27:00');
INSERT INTO "asset_movements" ("id","asset_id","movement_type","from_user_id","to_user_id","request_id","notes","created_at") VALUES('0184cd13-15b8-42f2-b659-bbc1128274ce','6a1c59c8-3369-4e46-8aac-4698538e2039','solicitud','79c1c079-ebd6-46ce-995c-6f354bee74f8','5e3b7ae6-02e9-4cd8-930f-2cef7f2a288b','d1d279bd-ccb0-4a59-adfa-a926fed4f2b2','Solicitud enviada para el activo INS-2501','2026-03-17 13:36:59');
INSERT INTO "asset_movements" ("id","asset_id","movement_type","from_user_id","to_user_id","request_id","notes","created_at") VALUES('52ce9d24-da6d-4d21-b21e-176ddc3bbed5','6a1c59c8-3369-4e46-8aac-4698538e2039','aprobacion_traspaso','79c1c079-ebd6-46ce-995c-6f354bee74f8','5e3b7ae6-02e9-4cd8-930f-2cef7f2a288b','d1d279bd-ccb0-4a59-adfa-a926fed4f2b2','Solicitud aceptada por el responsable actual. Pendiente de recepción del solicitante.','2026-03-17 13:37:14');
INSERT INTO "asset_movements" ("id","asset_id","movement_type","from_user_id","to_user_id","request_id","notes","created_at") VALUES('b8ce5171-4810-47f9-8fe1-41ed04f6fc88','6a1c59c8-3369-4e46-8aac-4698538e2039','recepcion','79c1c079-ebd6-46ce-995c-6f354bee74f8','5e3b7ae6-02e9-4cd8-930f-2cef7f2a288b','d1d279bd-ccb0-4a59-adfa-a926fed4f2b2','Recepcion confirmada y activo asumido por el nuevo responsable.','2026-03-17 13:38:26');
INSERT INTO "asset_movements" ("id","asset_id","movement_type","from_user_id","to_user_id","request_id","notes","created_at") VALUES('70e8f222-b1f6-4866-9ffa-29d9aabdfd97','be87cd11-9692-4b01-a74c-c98f3b0c3fd9','solicitud','79c1c079-ebd6-46ce-995c-6f354bee74f8','5e3b7ae6-02e9-4cd8-930f-2cef7f2a288b','cddac32a-b9d4-4c38-ac14-33c6ae9a7a9b','Solicitud enviada para el activo INS-2201','2026-03-17 13:40:20');
INSERT INTO "asset_movements" ("id","asset_id","movement_type","from_user_id","to_user_id","request_id","notes","created_at") VALUES('aeb9f81b-44b4-4cd0-9979-298dfa7a69cc','be87cd11-9692-4b01-a74c-c98f3b0c3fd9','aprobacion_traspaso','79c1c079-ebd6-46ce-995c-6f354bee74f8','5e3b7ae6-02e9-4cd8-930f-2cef7f2a288b','cddac32a-b9d4-4c38-ac14-33c6ae9a7a9b','Solicitud aceptada por el responsable actual. Pendiente de recepción del solicitante.','2026-03-17 13:40:40');
INSERT INTO "asset_movements" ("id","asset_id","movement_type","from_user_id","to_user_id","request_id","notes","created_at") VALUES('8df03d99-69c3-4d4b-bb7d-f6a8b69c7eed','be87cd11-9692-4b01-a74c-c98f3b0c3fd9','recepcion','79c1c079-ebd6-46ce-995c-6f354bee74f8','5e3b7ae6-02e9-4cd8-930f-2cef7f2a288b','cddac32a-b9d4-4c38-ac14-33c6ae9a7a9b','Recepcion confirmada y activo asumido por el nuevo responsable.','2026-03-17 13:40:58');
INSERT INTO "asset_movements" ("id","asset_id","movement_type","from_user_id","to_user_id","request_id","notes","created_at") VALUES('16dbff20-53d4-4a93-961f-e2ba166f8a7a','1435380d-aa55-4179-b0bc-7b90c3f44564','solicitud','79c1c079-ebd6-46ce-995c-6f354bee74f8','5e3b7ae6-02e9-4cd8-930f-2cef7f2a288b','194a450b-fa78-4f39-8cea-6a5bd3dc2c78','Solicitud enviada para el activo INS-1801','2026-03-17 13:45:54');
INSERT INTO "asset_movements" ("id","asset_id","movement_type","from_user_id","to_user_id","request_id","notes","created_at") VALUES('a108b2ab-8d9e-42ab-b065-99d375dd8567','1435380d-aa55-4179-b0bc-7b90c3f44564','aprobacion_traspaso','79c1c079-ebd6-46ce-995c-6f354bee74f8','5e3b7ae6-02e9-4cd8-930f-2cef7f2a288b','194a450b-fa78-4f39-8cea-6a5bd3dc2c78','Solicitud aceptada por el responsable actual. Pendiente de recepción del solicitante.','2026-03-17 13:58:46');
INSERT INTO "asset_movements" ("id","asset_id","movement_type","from_user_id","to_user_id","request_id","notes","created_at") VALUES('a878815b-0c67-432f-97ad-646f2175fcf2','1435380d-aa55-4179-b0bc-7b90c3f44564','recepcion','79c1c079-ebd6-46ce-995c-6f354bee74f8','5e3b7ae6-02e9-4cd8-930f-2cef7f2a288b','194a450b-fa78-4f39-8cea-6a5bd3dc2c78','Recepcion confirmada y activo asumido por el nuevo responsable.','2026-03-17 13:59:36');
INSERT INTO "asset_movements" ("id","asset_id","movement_type","from_user_id","to_user_id","request_id","notes","created_at") VALUES('fd72d8a5-24e0-4e6a-a53c-682938b5ab07','4a2c2c0e-402d-405f-95c2-3b7baa3681b9','solicitud','79c1c079-ebd6-46ce-995c-6f354bee74f8','5e3b7ae6-02e9-4cd8-930f-2cef7f2a288b','c2804ad9-1e80-4c29-82a7-5ec99dd85779','Solicitud enviada para el activo TUNA-OTR-20260314-A0AE08','2026-03-17 21:09:50');
INSERT INTO "asset_movements" ("id","asset_id","movement_type","from_user_id","to_user_id","request_id","notes","created_at") VALUES('134326b1-85ed-41c6-aaf1-8a1ebd86cfc7','6a1c59c8-3369-4e46-8aac-4698538e2039','solicitud','5e3b7ae6-02e9-4cd8-930f-2cef7f2a288b','79c1c079-ebd6-46ce-995c-6f354bee74f8','3c87a4cc-e90d-491f-83f8-8552ad2f895d','Solicitud enviada para el activo INS-2501','2026-03-18 08:55:21');
INSERT INTO "asset_movements" ("id","asset_id","movement_type","from_user_id","to_user_id","request_id","notes","created_at") VALUES('f5b91ccc-057b-454a-8a2a-7a73e0d738e2','ba8b2ce4-0fee-43d1-94b8-287e375eb3d2','solicitud','79c1c079-ebd6-46ce-995c-6f354bee74f8','5e3b7ae6-02e9-4cd8-930f-2cef7f2a288b','7fc528ec-b4cf-441f-ae9c-a8172c170279','Solicitud enviada para el activo TUNA-OTR-20260314-440956','2026-03-18 09:27:16');
INSERT INTO "asset_movements" ("id","asset_id","movement_type","from_user_id","to_user_id","request_id","notes","created_at") VALUES('8115d495-a7fa-4b9b-9e84-3977b43f555a','4ec45d9a-1aef-4d19-bf2c-cd11c84aaadb','solicitud','79c1c079-ebd6-46ce-995c-6f354bee74f8','5e3b7ae6-02e9-4cd8-930f-2cef7f2a288b','aedf847c-0a5f-4052-a641-1e8425e9e7f8','Solicitud enviada para el activo TUNA-INS-20260314-D21159','2026-03-18 09:34:33');
INSERT INTO "asset_movements" ("id","asset_id","movement_type","from_user_id","to_user_id","request_id","notes","created_at") VALUES('831a5447-dd06-4bbe-b222-fae159dc78b4','be87cd11-9692-4b01-a74c-c98f3b0c3fd9','solicitud','5e3b7ae6-02e9-4cd8-930f-2cef7f2a288b','b581deff-3be3-4a63-b539-e2aa855e9941','7c090875-9ed0-4efe-bacc-f4f554c653ad','Solicitud enviada para el activo INS-2201','2026-03-18 15:04:58');
INSERT INTO "asset_movements" ("id","asset_id","movement_type","from_user_id","to_user_id","request_id","notes","created_at") VALUES('6c89d3e1-0f2b-4e89-8a91-2bd3aae6a7bb','be87cd11-9692-4b01-a74c-c98f3b0c3fd9','aprobacion_traspaso','5e3b7ae6-02e9-4cd8-930f-2cef7f2a288b','b581deff-3be3-4a63-b539-e2aa855e9941','7c090875-9ed0-4efe-bacc-f4f554c653ad','Solicitud aceptada por el responsable actual. Pendiente de recepción del solicitante.','2026-03-18 15:05:43');
INSERT INTO "asset_movements" ("id","asset_id","movement_type","from_user_id","to_user_id","request_id","notes","created_at") VALUES('7df881ca-6c02-4351-ad9e-ed5eb36311f6','6a1c59c8-3369-4e46-8aac-4698538e2039','aprobacion_traspaso','5e3b7ae6-02e9-4cd8-930f-2cef7f2a288b','79c1c079-ebd6-46ce-995c-6f354bee74f8','3c87a4cc-e90d-491f-83f8-8552ad2f895d','Solicitud aceptada por el responsable actual. Pendiente de recepción del solicitante.','2026-03-18 15:06:01');
INSERT INTO "asset_movements" ("id","asset_id","movement_type","from_user_id","to_user_id","request_id","notes","created_at") VALUES('39c45fd3-151a-45a2-9516-7ab100f2d4ac','6a1c59c8-3369-4e46-8aac-4698538e2039','solicitud','5e3b7ae6-02e9-4cd8-930f-2cef7f2a288b','a4395cff-2b3c-412d-b823-ece56aeb5bf0','b69aea20-e22b-4cea-a2d6-b7b69accc195','Solicitud enviada para el activo INS-2501','2026-03-18 15:07:04');
INSERT INTO "asset_movements" ("id","asset_id","movement_type","from_user_id","to_user_id","request_id","notes","created_at") VALUES('9a30b602-1848-4976-a2b1-c0a224b9012c','7f79b4f2-e188-4598-8d59-bc2e098addfb','solicitud','79c1c079-ebd6-46ce-995c-6f354bee74f8','9f519588-359c-4b1f-bdd9-1ef5946cc0df','245f884a-430a-40f3-bc16-a8675064d371','Solicitud enviada para el activo 001ts','2026-03-18 15:07:07');
INSERT INTO "asset_movements" ("id","asset_id","movement_type","from_user_id","to_user_id","request_id","notes","created_at") VALUES('a233844e-ed99-4014-94d4-6e57f2ccc5f7','6a1c59c8-3369-4e46-8aac-4698538e2039','aprobacion_traspaso','5e3b7ae6-02e9-4cd8-930f-2cef7f2a288b','a4395cff-2b3c-412d-b823-ece56aeb5bf0','b69aea20-e22b-4cea-a2d6-b7b69accc195','Solicitud aceptada por el responsable actual. Pendiente de recepción del solicitante.','2026-03-18 15:07:22');
INSERT INTO "asset_movements" ("id","asset_id","movement_type","from_user_id","to_user_id","request_id","notes","created_at") VALUES('7a04127b-1b27-496e-9511-08eadc7b8034','be87cd11-9692-4b01-a74c-c98f3b0c3fd9','recepcion','5e3b7ae6-02e9-4cd8-930f-2cef7f2a288b','b581deff-3be3-4a63-b539-e2aa855e9941','7c090875-9ed0-4efe-bacc-f4f554c653ad','Recepción confirmada por el solicitante. Activo asumido por el nuevo responsable.','2026-03-18 15:32:40');
CREATE TABLE asset_field_edit_logs (   id TEXT PRIMARY KEY,   asset_id TEXT NOT NULL,   field_name TEXT NOT NULL,   old_value TEXT,   new_value TEXT,   edited_by_user_id TEXT NOT NULL,   edited_at TIMESTAMP DEFAULT CURRENT_TIMESTAMP,   FOREIGN KEY (asset_id) REFERENCES assets(id),   FOREIGN KEY (edited_by_user_id) REFERENCES users(id) );
INSERT INTO "asset_field_edit_logs" ("id","asset_id","field_name","old_value","new_value","edited_by_user_id","edited_at") VALUES('19e88dff-e0db-4968-ac21-9f8e5dface87','1435380d-aa55-4179-b0bc-7b90c3f44564','notes','Buen estado general, limpio, presenta cuerdas instaladas, acabado brillante en la tapa armónica con incrustaciones decorativas.','Editado 2026-03-17 01am','79c1c079-ebd6-46ce-995c-6f354bee74f8','2026-03-17 01:17:24');
INSERT INTO "asset_field_edit_logs" ("id","asset_id","field_name","old_value","new_value","edited_by_user_id","edited_at") VALUES('21cea219-27fe-487e-b5ea-8b0b29533565','1435380d-aa55-4179-b0bc-7b90c3f44564','notes','Editado 2026-03-17 01am','Editado 2026-03-17 02am','79c1c079-ebd6-46ce-995c-6f354bee74f8','2026-03-17 01:17:52');
INSERT INTO "asset_field_edit_logs" ("id","asset_id","field_name","old_value","new_value","edited_by_user_id","edited_at") VALUES('02a6ca60-161d-4fab-a8b4-270af58f34b3','1435380d-aa55-4179-b0bc-7b90c3f44564','notes','Editado 2026-03-17 02am','Editado 2026-03-17 03am','79c1c079-ebd6-46ce-995c-6f354bee74f8','2026-03-17 01:41:36');
INSERT INTO "asset_field_edit_logs" ("id","asset_id","field_name","old_value","new_value","edited_by_user_id","edited_at") VALUES('81133e47-3934-4e8a-9a89-ba607e20a837','1435380d-aa55-4179-b0bc-7b90c3f44564','current_value','0','100','79c1c079-ebd6-46ce-995c-6f354bee74f8','2026-03-17 01:41:56');
INSERT INTO "asset_field_edit_logs" ("id","asset_id","field_name","old_value","new_value","edited_by_user_id","edited_at") VALUES('0de64493-f461-4b46-a9a5-f0429dcf0e36','1435380d-aa55-4179-b0bc-7b90c3f44564','status','bajo_responsabilidad','disponible','79c1c079-ebd6-46ce-995c-6f354bee74f8','2026-03-17 01:42:16');
INSERT INTO "asset_field_edit_logs" ("id","asset_id","field_name","old_value","new_value","edited_by_user_id","edited_at") VALUES('c9a06307-a626-4fa8-a702-1af8f2980ff0','7f79b4f2-e188-4598-8d59-bc2e098addfb','notes',NULL,'edit','79c1c079-ebd6-46ce-995c-6f354bee74f8','2026-03-17 01:58:15');
INSERT INTO "asset_field_edit_logs" ("id","asset_id","field_name","old_value","new_value","edited_by_user_id","edited_at") VALUES('8ba23e53-2ae6-435f-99bc-554a4f98e88f','4ec45d9a-1aef-4d19-bf2c-cd11c84aaadb','notes','Estado visual limpio, sin golpes ni rayones visibles, parece en buen estado de conservación.','Viene con rayones','79c1c079-ebd6-46ce-995c-6f354bee74f8','2026-03-17 13:20:54');
INSERT INTO "asset_field_edit_logs" ("id","asset_id","field_name","old_value","new_value","edited_by_user_id","edited_at") VALUES('52238601-4edc-46ad-8220-50d14fe876e3','4a2c2c0e-402d-405f-95c2-3b7baa3681b9','current_value','0','200','79c1c079-ebd6-46ce-995c-6f354bee74f8','2026-03-17 13:21:38');
INSERT INTO "asset_field_edit_logs" ("id","asset_id","field_name","old_value","new_value","edited_by_user_id","edited_at") VALUES('3ab85ce4-fbcd-4a6b-92ff-2c5783ef0415','d1c595b6-c974-4a16-9f59-ee3735eca48b','notes','La imagen muestra un perro sobre una cama, no contiene ningún activo de inventario musical.','La imagen muestra un perro sobre una cama, no contiene ningún activo de inventario musical. Editado','5e3b7ae6-02e9-4cd8-930f-2cef7f2a288b','2026-03-17 13:27:00');
INSERT INTO "asset_field_edit_logs" ("id","asset_id","field_name","old_value","new_value","edited_by_user_id","edited_at") VALUES('3c74f430-d9e8-4904-91d7-7325ee331dbd','6a1c59c8-3369-4e46-8aac-4698538e2039','notes','estado visual limpio, sin daños aparentes','estado visual limpio, sin daños aparentes, edición','5e3b7ae6-02e9-4cd8-930f-2cef7f2a288b','2026-03-17 13:38:26');
INSERT INTO "asset_field_edit_logs" ("id","asset_id","field_name","old_value","new_value","edited_by_user_id","edited_at") VALUES('79ea6c0c-fb9e-4a86-94c5-0526a2da471c','be87cd11-9692-4b01-a74c-c98f3b0c3fd9','notes','Estado visual excelente, parece nuevo, limpio y sin daños visibles.','Estado visual excelente, parece nuevo, limpio y sin daños visibles. Edición 1','5e3b7ae6-02e9-4cd8-930f-2cef7f2a288b','2026-03-17 13:40:58');
INSERT INTO "asset_field_edit_logs" ("id","asset_id","field_name","old_value","new_value","edited_by_user_id","edited_at") VALUES('d6006793-47f9-4091-97ab-515ce65d7eca','1435380d-aa55-4179-b0bc-7b90c3f44564','current_value','100','200','5e3b7ae6-02e9-4cd8-930f-2cef7f2a288b','2026-03-17 13:59:36');
CREATE TABLE asset_status_catalog (   code TEXT PRIMARY KEY,   label TEXT NOT NULL,   is_default INTEGER NOT NULL DEFAULT 0,   is_active INTEGER NOT NULL DEFAULT 1,   sort_order INTEGER NOT NULL DEFAULT 100,   created_at TIMESTAMP DEFAULT CURRENT_TIMESTAMP );
INSERT INTO "asset_status_catalog" ("code","label","is_default","is_active","sort_order","created_at") VALUES('en_uso','En uso',1,1,10,'2026-03-17 18:13:38');
INSERT INTO "asset_status_catalog" ("code","label","is_default","is_active","sort_order","created_at") VALUES('disponible','Disponible',0,1,20,'2026-03-17 18:13:38');
INSERT INTO "asset_status_catalog" ("code","label","is_default","is_active","sort_order","created_at") VALUES('solicitado','Solicitado',0,1,30,'2026-03-17 18:13:38');
INSERT INTO "asset_status_catalog" ("code","label","is_default","is_active","sort_order","created_at") VALUES('pendiente_recepcion','Pendiente de aceptar recepcion',0,1,40,'2026-03-17 18:13:38');
INSERT INTO "asset_status_catalog" ("code","label","is_default","is_active","sort_order","created_at") VALUES('mantenimiento','Mantenimiento',0,1,50,'2026-03-17 18:13:38');
INSERT INTO "asset_status_catalog" ("code","label","is_default","is_active","sort_order","created_at") VALUES('baja','Baja',0,1,60,'2026-03-17 18:13:38');
CREATE INDEX idx_assets_type ON assets(asset_type);
CREATE INDEX idx_assets_status ON assets(status);
CREATE INDEX idx_assets_created_at ON assets(created_at);
CREATE INDEX idx_tags_tag ON asset_tags(tag);
CREATE INDEX idx_tags_asset_id ON asset_tags(asset_id);
CREATE INDEX idx_recognitions_issuer ON asset_recognitions(issuer);
CREATE INDEX idx_instruments_brand ON asset_instruments(brand);
CREATE INDEX idx_asset_requests_asset_status   ON asset_requests (asset_id, status);
CREATE INDEX idx_asset_requests_holder_status   ON asset_requests (current_holder_user_id, status);
CREATE INDEX idx_asset_movements_asset_created   ON asset_movements (asset_id, created_at DESC);
CREATE INDEX idx_assets_holder_user_id   ON assets (holder_user_id);
CREATE INDEX idx_asset_requests_requester_status   ON asset_requests (requester_user_id, status);
CREATE INDEX idx_asset_field_edit_logs_asset_time   ON asset_field_edit_logs (asset_id, edited_at DESC);
CREATE INDEX idx_asset_field_edit_logs_editor_time   ON asset_field_edit_logs (edited_by_user_id, edited_at DESC);
CREATE INDEX idx_asset_status_catalog_active_sort   ON asset_status_catalog (is_active, sort_order);
